,FMplex,FMplex,FMplex,FMplex,FMplex,FMplex,FMplex,FMplex,FMplex,FMplex,FMplex,CDD,CDD,CDD,CDD,Redlog,Redlog,Redlog,Redlog,Redlog,Redlog,Redlog,FM,FM,FM,FM,FM,FM,FM,FM,FM,FM,FM,z3,z3,z3,z3,z3,z3,z3,stats,stats,stats,stats,stats,stats,stats
,answer,runtime,peak_memory_kbytes,eq_conflict,output_constraints,visited_nodes,total_constraints,eliminated_by_eq,eliminated_vars,input_constraints,only_qe_ms,answer,runtime,peak_memory_kbytes,output_constraints,answer,runtime,peak_memory_kbytes,trivial_false,trivial_true,contains_disjunction,output_constraints,answer,runtime,peak_memory_kbytes,eliminated_by_eq,output_constraints,eliminated_vars,visited_nodes,input_constraints,total_constraints,eq_conflict,only_qe_ms,answer,runtime,peak_memory_kbytes,output_constraints,contains_disjunction,trivial_false,trivial_true,constraints,variables,eliminated-variables,matrix-density-overall,matrix-density-eliminated,graph-density-overall,graph-density-eliminated
ACAS-Xu-prop-3-benchmarks/ACAS-Xu-1_1-prop-3_first5,timeout,310.0,1009460,,,,,,,,,timeout,310.0,495012,,timeout,310.0,3970624,,,,,memout,305.0,153036,,,,,,,,,timeout,310.0,255624,,,,,292,99,5,0.2726712328767123,0.6506849315068494,0.4340447683498178,0.7142857142857143
ACAS-Xu-prop-3-benchmarks/ACAS-Xu-1_1-prop-3_last5,success,2.345,9100,0.0,287.0,5.0,10.0,0.0,5.0,292.0,1951.0,success,29.222,52928,287.0,success,0.283,88324,0.0,0.0,0.0,287.0,success,2.42,9332,0.0,287.0,5.0,0.0,292.0,0.0,0.0,2005.0,success,3.409,145300,297.0,1.0,0.0,0.0,292,99,5,0.2726712328767123,0.0102739726027397,0.4340447683498178,0.2
ACAS-Xu-prop-3-benchmarks/ACAS-Xu-1_1-prop-3_random5,timeout,310.0,3976924,,,,,,,,,timeout,310.0,914116,,timeout,310.0,2749860,,,,,memout,305.0,158892,,,,,,,,,timeout,310.0,257508,,,,,292,99,5,0.2726712328767123,0.260958904109589,0.4340447683498178,0.56
ACAS-Xu-prop-3-benchmarks/ACAS-Xu-1_2-prop-3_first5,timeout,310.0,747476,,,,,,,,,timeout,310.0,836976,,timeout,310.0,3970440,,,,,memout,305.0,104176,,,,,,,,,timeout,310.0,143616,,,,,253,86,5,0.2926264140656944,0.6482213438735178,0.4690008303349017,0.7142857142857143
ACAS-Xu-prop-3-benchmarks/ACAS-Xu-1_2-prop-3_last5,success,1.805,8680,0.0,248.0,5.0,10.0,0.0,5.0,253.0,1479.0,success,21.159,40540,248.0,success,0.278,80356,0.0,0.0,0.0,248.0,success,1.721,8932,0.0,248.0,5.0,0.0,253.0,0.0,0.0,1375.0,success,3.169,146464,258.0,1.0,0.0,0.0,253,86,5,0.2926264140656944,0.0118577075098814,0.4690008303349017,0.2
ACAS-Xu-prop-3-benchmarks/ACAS-Xu-1_2-prop-3_random5,success,49.021,662184,0.0,30932.0,59.0,89681.0,0.0,5.0,253.0,45839.0,success,154.229,1236412,30932.0,success,128.98,3643640,0.0,0.0,1.0,378696.0,memout,305.0,692372,,,,,,,,,timeout,310.0,143068,,,,,253,86,5,0.2926264140656944,0.1399209486166008,0.4690008303349017,0.48
ACAS-Xu-prop-3-benchmarks/ACAS-Xu-1_3-prop-3_first5,timeout,310.0,1011200,,,,,,,,,timeout,310.0,779088,,timeout,310.0,3913036,,,,,memout,305.0,126188,,,,,,,,,timeout,310.0,254904,,,,,271,92,5,0.2872277109867873,0.6494464944649446,0.4801980198019802,0.7142857142857143
ACAS-Xu-prop-3-benchmarks/ACAS-Xu-1_3-prop-3_last5,success,2.053,8976,0.0,266.0,5.0,10.0,0.0,5.0,271.0,1687.0,success,23.458,46020,266.0,success,0.289,86588,0.0,0.0,0.0,266.0,success,2.182,9236,0.0,266.0,5.0,0.0,271.0,0.0,0.0,1819.0,success,2.503,143944,276.0,1.0,0.0,0.0,271,92,5,0.2872277109867873,0.011070110701107,0.4801980198019802,0.2
ACAS-Xu-prop-3-benchmarks/ACAS-Xu-1_3-prop-3_random5,timeout,310.0,1585536,,,,,,,,,timeout,310.0,168156,,invalid,189.315,4004172,,,,,memout,305.0,250456,,,,,,,,,timeout,310.0,254844,,,,,271,92,5,0.2872277109867873,0.2693726937269373,0.4801980198019802,0.6
ACAS-Xu-prop-3-benchmarks/ACAS-Xu-1_4-prop-3_first5,timeout,310.0,577476,,,,,,,,,timeout,310.0,348036,,timeout,310.0,3929496,,,,,memout,305.0,3994532,,,,,,,,,timeout,310.0,82716,,,,,145,50,5,0.3184584178498986,0.6344827586206897,0.5278934221482098,0.7142857142857143
ACAS-Xu-prop-3-benchmarks/ACAS-Xu-1_4-prop-3_last5,success,0.456,7896,0.0,160.0,5.0,80.0,0.0,5.0,145.0,307.0,success,3.441,15524,160.0,success,0.294,76196,0.0,0.0,1.0,700.0,success,21.553,583864,0.0,22048.0,5.0,0.0,145.0,0.0,0.0,19361.0,success,3.593,86184,318.0,1.0,0.0,0.0,145,50,5,0.3184584178498986,0.0317241379310344,0.5278934221482098,0.4
ACAS-Xu-prop-3-benchmarks/ACAS-Xu-1_4-prop-3_random5,timeout,310.0,1642004,,,,,,,,,timeout,310.0,552540,,timeout,310.0,3626428,,,,,memout,305.0,3994496,,,,,,,,,timeout,310.0,145100,,,,,145,50,5,0.3184584178498986,0.2827586206896552,0.5278934221482098,0.6
ACAS-Xu-prop-3-benchmarks/ACAS-Xu-1_5-prop-3_first5,timeout,310.0,1008564,,,,,,,,,timeout,310.0,683380,,invalid,280.403,3942700,,,,,memout,305.0,37956,,,,,,,,,timeout,310.0,83008,,,,,172,59,5,0.3067829457364341,0.6395348837209303,0.5212481426448737,0.7142857142857143
ACAS-Xu-prop-3-benchmarks/ACAS-Xu-1_5-prop-3_last5,success,0.623,7788,0.0,167.0,5.0,10.0,0.0,5.0,172.0,443.0,success,5.933,20636,167.0,success,0.197,61560,0.0,0.0,0.0,167.0,success,0.648,7776,0.0,167.0,5.0,0.0,172.0,0.0,0.0,462.0,success,2.576,85152,177.0,1.0,0.0,0.0,172,59,5,0.3067829457364341,0.0174418604651162,0.5212481426448737,0.2
ACAS-Xu-prop-3-benchmarks/ACAS-Xu-1_5-prop-3_random5,success,66.724,794856,0.0,41171.0,317.0,305373.0,0.0,5.0,172.0,62827.0,success,102.598,1136764,41171.0,timeout,310.0,3593416,,,,,memout,305.0,3740100,,,,,,,,,timeout,310.0,84396,,,,,172,59,5,0.3067829457364341,0.1825581395348837,0.5212481426448737,0.56
ACAS-Xu-prop-3-benchmarks/ACAS-Xu-1_6-prop-3_first5,timeout,310.0,639936,,,,,,,,,timeout,310.0,439604,,timeout,310.0,3929528,,,,,memout,305.0,3994496,,,,,,,,,timeout,310.0,54032,,,,,121,42,5,0.3200076878723813,0.628099173553719,0.5326991676575505,0.7142857142857143
ACAS-Xu-prop-3-benchmarks/ACAS-Xu-1_6-prop-3_last5,success,0.281,7640,0.0,136.0,5.0,80.0,0.0,5.0,121.0,177.0,success,2.147,11856,136.0,success,0.223,66004,0.0,0.0,1.0,580.0,success,15.126,438628,0.0,19769.0,5.0,0.0,121.0,0.0,0.0,13001.0,success,3.51,54144,298.0,1.0,0.0,0.0,121,42,5,0.3200076878723813,0.0380165289256198,0.5326991676575505,0.4
ACAS-Xu-prop-3-benchmarks/ACAS-Xu-1_6-prop-3_random5,success,24.025,329068,0.0,21556.0,724.0,187337.0,0.0,5.0,121.0,22340.0,success,31.424,434600,21556.0,timeout,310.0,3067356,,,,,memout,305.0,105100,,,,,,,,,timeout,310.0,53740,,,,,121,42,5,0.3200076878723813,0.1735537190082644,0.5326991676575505,0.7
ACAS-Xu-prop-3-benchmarks/ACAS-Xu-1_7-prop-3_first5,timeout,310.0,607784,,,,,,,,,timeout,310.0,663868,,timeout,310.0,3802512,,,,,memout,305.0,2134576,,,,,,,,,timeout,310.0,83808,,,,,106,37,5,0.3272095332671301,0.6226415094339622,0.5412490362374711,0.7142857142857143
ACAS-Xu-prop-3-benchmarks/ACAS-Xu-1_7-prop-3_last5,success,0.264,7544,0.0,131.0,25.0,263.0,0.0,5.0,106.0,139.0,success,1.462,9792,131.0,success,0.483,112968,0.0,0.0,1.0,2121.0,success,1.501,37860,0.0,2099.0,5.0,0.0,106.0,0.0,0.0,1276.0,timeout,310.0,85776,,,,,106,37,5,0.3272095332671301,0.0433962264150943,0.5412490362374711,0.7
ACAS-Xu-prop-3-benchmarks/ACAS-Xu-1_7-prop-3_random5,timeout,310.0,1283448,,,,,,,,,timeout,310.0,220712,,timeout,310.0,3378664,,,,,memout,305.0,48788,,,,,,,,,timeout,310.0,54028,,,,,106,37,5,0.3272095332671301,0.3660377358490566,0.5412490362374711,0.6
ACAS-Xu-prop-3-benchmarks/ACAS-Xu-1_8-prop-3_first5,timeout,310.0,683556,,,,,,,,,timeout,310.0,369132,,timeout,310.0,3536476,,,,,memout,305.0,818120,,,,,,,,,timeout,310.0,86756,,,,,88,31,5,0.3387784090909091,0.6136363636363636,0.5493895671476138,0.7142857142857143
ACAS-Xu-prop-3-benchmarks/ACAS-Xu-1_8-prop-3_last5,success,0.172,7244,0.0,101.0,16.0,153.0,0.0,5.0,88.0,78.0,success,1.307,7756,101.0,success,0.263,71936,0.0,0.0,1.0,830.0,success,0.978,31436,0.0,1971.0,5.0,0.0,88.0,0.0,0.0,822.0,timeout,310.0,55160,,,,,88,31,5,0.3387784090909091,0.0522727272727272,0.5493895671476138,0.7
ACAS-Xu-prop-3-benchmarks/ACAS-Xu-1_8-prop-3_random5,success,238.641,2285604,0.0,214829.0,9781.0,3854730.0,0.0,5.0,88.0,228957.0,timeout,310.0,146664,,timeout,310.0,3247604,,,,,memout,305.0,140616,,,,,,,,,timeout,310.0,84928,,,,,88,31,5,0.3387784090909091,0.3840909090909091,0.5493895671476138,0.6
ACAS-Xu-prop-3-benchmarks/ACAS-Xu-1_9-prop-3_first5,timeout,310.0,706036,,,,,,,,,timeout,310.0,322728,,timeout,310.0,3243524,,,,,memout,305.0,247636,,,,,,,,,timeout,310.0,86376,,,,,70,25,5,0.3516483516483517,0.6,0.5563258232235702,0.7142857142857143
ACAS-Xu-prop-3-benchmarks/ACAS-Xu-1_9-prop-3_last5,success,0.345,7228,0.0,117.0,11.0,203.0,0.0,5.0,70.0,53.0,success,0.478,6048,117.0,success,0.235,70088,0.0,0.0,1.0,975.0,memout,305.0,3994548,,,,,,,,,success,158.143,96400,950.0,1.0,0.0,0.0,70,25,5,0.3516483516483517,0.0828571428571428,0.5563258232235702,0.55
ACAS-Xu-prop-3-benchmarks/ACAS-Xu-1_9-prop-3_random5,success,86.798,933748,0.0,106749.0,7123.0,1625692.0,0.0,5.0,70.0,82046.0,success,111.977,1271864,106750.0,timeout,310.0,3007712,,,,,memout,305.0,94104,,,,,,,,,timeout,310.0,55056,,,,,70,25,5,0.3516483516483517,0.3885714285714285,0.5563258232235702,0.6
ACAS-Xu-prop-3-benchmarks/ACAS-Xu-2_1-prop-3_first5,timeout,310.0,1162056,,,,,,,,,timeout,310.0,922228,,invalid,240.975,3944912,,,,,memout,305.0,84892,,,,,,,,,timeout,310.0,142164,,,,,235,80,5,0.2926713947990543,0.6468085106382979,0.4783723165652034,0.7142857142857143
ACAS-Xu-prop-3-benchmarks/ACAS-Xu-2_1-prop-3_last5,success,1.536,8452,0.0,230.0,5.0,10.0,0.0,5.0,235.0,1201.0,success,16.564,35580,230.0,success,0.329,76200,0.0,0.0,0.0,230.0,success,1.488,8700,0.0,230.0,5.0,0.0,235.0,0.0,0.0,1176.0,success,4.842,78600,240.0,1.0,0.0,0.0,235,80,5,0.2926713947990543,0.0127659574468085,0.4783723165652034,0.2
ACAS-Xu-prop-3-benchmarks/ACAS-Xu-2_1-prop-3_random5,timeout,310.0,1418116,,,,,,,,,timeout,310.0,526676,,invalid,227.839,3940948,,,,,memout,305.0,2871872,,,,,,,,,timeout,310.0,142756,,,,,235,80,5,0.2926713947990543,0.3702127659574468,0.4783723165652034,0.6
ACAS-Xu-prop-3-benchmarks/ACAS-Xu-2_2-prop-3_first5,timeout,310.0,1053660,,,,,,,,,timeout,310.0,931292,,invalid,299.628,3941144,,,,,memout,305.0,70088,,,,,,,,,timeout,310.0,140032,,,,,220,75,5,0.2809808612440191,0.6454545454545455,0.4407522366258901,0.7142857142857143
ACAS-Xu-prop-3-benchmarks/ACAS-Xu-2_2-prop-3_last5,success,1.329,8012,0.0,215.0,5.0,10.0,0.0,5.0,220.0,912.0,success,12.811,31568,215.0,success,0.281,71776,0.0,0.0,0.0,215.0,success,1.164,8384,0.0,215.0,5.0,0.0,220.0,0.0,0.0,914.0,success,2.983,86224,225.0,1.0,0.0,0.0,220,75,5,0.2809808612440191,0.0136363636363636,0.4407522366258901,0.2
ACAS-Xu-prop-3-benchmarks/ACAS-Xu-2_2-prop-3_random5,success,25.646,413348,0.0,24095.0,65.0,64390.0,0.0,5.0,220.0,23395.0,success,91.465,836896,24095.0,success,59.762,2955628,0.0,0.0,1.0,222095.0,memout,305.0,3994544,,,,,,,,,timeout,310.0,86736,,,,,220,75,5,0.2809808612440191,0.1463636363636363,0.4407522366258901,0.48
ACAS-Xu-prop-3-benchmarks/ACAS-Xu-2_3-prop-3_first5,timeout,310.0,644352,,,,,,,,,timeout,310.0,823684,,timeout,310.0,3905144,,,,,memout,305.0,109880,,,,,,,,,timeout,310.0,143380,,,,,259,88,5,0.2801179992191228,0.6486486486486487,0.4430647291941876,0.7142857142857143
ACAS-Xu-prop-3-benchmarks/ACAS-Xu-2_3-prop-3_last5,success,1.719,8672,0.0,254.0,5.0,10.0,0.0,5.0,259.0,1410.0,success,23.664,42492,254.0,success,0.383,80276,0.0,0.0,0.0,254.0,success,2.019,8532,0.0,254.0,5.0,0.0,259.0,0.0,0.0,1515.0,success,3.675,142860,264.0,1.0,0.0,0.0,259,88,5,0.2801179992191228,0.0115830115830115,0.4430647291941876,0.2
ACAS-Xu-prop-3-benchmarks/ACAS-Xu-2_3-prop-3_random5,memout,305.0,3994356,,,,,,,,,timeout,310.0,778880,,invalid,199.687,3989872,,,,,memout,305.0,199148,,,,,,,,,timeout,310.0,143408,,,,,259,88,5,0.2801179992191228,0.2679536679536679,0.4430647291941876,0.56
ACAS-Xu-prop-3-benchmarks/ACAS-Xu-2_4-prop-3_first5,timeout,310.0,665248,,,,,,,,,timeout,310.0,368600,,timeout,310.0,3489076,,,,,memout,305.0,815496,,,,,,,,,timeout,310.0,88264,,,,,88,31,5,0.3444602272727273,0.6136363636363636,0.5427302996670367,0.7142857142857143
ACAS-Xu-prop-3-benchmarks/ACAS-Xu-2_4-prop-3_last5,success,0.197,7264,0.0,103.0,5.0,80.0,0.0,5.0,88.0,74.0,success,0.875,7760,103.0,success,0.332,57600,0.0,0.0,1.0,415.0,success,8.916,289804,0.0,18114.0,5.0,0.0,88.0,0.0,0.0,7494.0,success,3.252,55852,261.0,1.0,0.0,0.0,88,31,5,0.3444602272727273,0.0522727272727272,0.5427302996670367,0.4
ACAS-Xu-prop-3-benchmarks/ACAS-Xu-2_4-prop-3_random5,success,50.674,653036,0.0,61805.0,1702.0,640635.0,0.0,5.0,88.0,47545.0,success,61.816,896408,61806.0,timeout,310.0,3257996,,,,,memout,305.0,541624,,,,,,,,,timeout,310.0,86764,,,,,88,31,5,0.3444602272727273,0.3090909090909091,0.5427302996670367,0.6
ACAS-Xu-prop-3-benchmarks/ACAS-Xu-2_5-prop-3_first5,timeout,310.0,560036,,,,,,,,,timeout,310.0,637316,,timeout,310.0,3880412,,,,,memout,305.0,257080,,,,,,,,,timeout,310.0,83932,,,,,169,58,5,0.3075920168488616,0.6390532544378699,0.5123076923076924,0.7142857142857143
ACAS-Xu-prop-3-benchmarks/ACAS-Xu-2_5-prop-3_last5,success,0.669,7748,0.0,164.0,5.0,10.0,0.0,5.0,169.0,455.0,success,5.432,20024,164.0,success,0.23,61820,0.0,0.0,0.0,164.0,success,0.601,7992,0.0,164.0,5.0,0.0,169.0,0.0,0.0,445.0,success,1.393,85200,174.0,1.0,0.0,0.0,169,58,5,0.3075920168488616,0.0177514792899408,0.5123076923076924,0.2
ACAS-Xu-prop-3-benchmarks/ACAS-Xu-2_5-prop-3_random5,timeout,310.0,1228620,,,,,,,,,timeout,310.0,1064892,,timeout,310.0,3863876,,,,,memout,305.0,2565588,,,,,,,,,timeout,310.0,84024,,,,,169,58,5,0.3075920168488616,0.3065088757396449,0.5123076923076924,0.6
ACAS-Xu-prop-3-benchmarks/ACAS-Xu-2_6-prop-3_first5,timeout,310.0,707980,,,,,,,,,timeout,310.0,655052,,timeout,310.0,3814768,,,,,memout,305.0,2845764,,,,,,,,,timeout,310.0,84632,,,,,112,39,5,0.3205357142857143,0.625,0.5391003460207613,0.7142857142857143
ACAS-Xu-prop-3-benchmarks/ACAS-Xu-2_6-prop-3_last5,success,0.285,8204,0.0,177.0,32.0,516.0,0.0,5.0,112.0,195.0,success,1.724,10844,177.0,success,0.968,200952,0.0,0.0,1.0,4815.0,memout,305.0,3630824,,,,,,,,,timeout,310.0,86068,,,,,112,39,5,0.3205357142857143,0.0553571428571428,0.5391003460207613,0.7
ACAS-Xu-prop-3-benchmarks/ACAS-Xu-2_6-prop-3_random5,timeout,310.0,1173564,,,,,,,,,timeout,310.0,729256,,timeout,310.0,3546504,,,,,memout,305.0,427024,,,,,,,,,timeout,310.0,84784,,,,,112,39,5,0.3205357142857143,0.3553571428571428,0.5391003460207613,0.6
ACAS-Xu-prop-3-benchmarks/ACAS-Xu-2_7-prop-3_first5,timeout,310.0,804052,,,,,,,,,timeout,310.0,553684,,timeout,310.0,3907064,,,,,memout,305.0,3768572,,,,,,,,,timeout,310.0,53892,,,,,118,41,5,0.3264729620661824,0.6271186440677966,0.5309181761399125,0.7142857142857143
ACAS-Xu-prop-3-benchmarks/ACAS-Xu-2_7-prop-3_last5,success,0.267,7296,0.0,113.0,5.0,10.0,0.0,5.0,118.0,158.0,success,1.826,11444,113.0,success,0.241,53668,0.0,0.0,0.0,113.0,success,0.286,7568,0.0,113.0,5.0,0.0,118.0,0.0,0.0,154.0,success,1.734,55436,123.0,1.0,0.0,0.0,118,41,5,0.3264729620661824,0.0254237288135593,0.5309181761399125,0.2
ACAS-Xu-prop-3-benchmarks/ACAS-Xu-2_7-prop-3_random5,timeout,310.0,3187384,,,,,,,,,timeout,310.0,147776,,timeout,310.0,3726820,,,,,memout,305.0,3315428,,,,,,,,,timeout,310.0,83944,,,,,118,41,5,0.3264729620661824,0.3338983050847458,0.5309181761399125,0.6
ACAS-Xu-prop-3-benchmarks/ACAS-Xu-2_8-prop-3_first5,timeout,310.0,659664,,,,,,,,,timeout,310.0,716640,,timeout,310.0,3734904,,,,,memout,305.0,1852028,,,,,,,,,timeout,310.0,88556,,,,,103,36,5,0.3198635528732616,0.6213592233009708,0.5415986949429038,0.7142857142857143
ACAS-Xu-prop-3-benchmarks/ACAS-Xu-2_8-prop-3_last5,success,0.542,7940,0.0,172.0,23.0,382.0,0.0,5.0,103.0,156.0,success,1.391,9884,172.0,success,0.5,131496,0.0,0.0,1.0,2940.0,memout,305.0,3994256,,,,,,,,,timeout,310.0,54336,,,,,103,36,5,0.3198635528732616,0.0601941747572815,0.5415986949429038,0.65
ACAS-Xu-prop-3-benchmarks/ACAS-Xu-2_8-prop-3_random5,success,23.296,279196,0.0,20936.0,1605.0,251154.0,0.0,5.0,103.0,21856.0,success,24.87,366784,20936.0,timeout,310.0,2897204,,,,,memout,305.0,3994200,,,,,,,,,timeout,310.0,85200,,,,,103,36,5,0.3198635528732616,0.1844660194174757,0.5415986949429038,0.6
ACAS-Xu-prop-3-benchmarks/ACAS-Xu-2_9-prop-3_first5,success,265.73,1860960,0.0,264497.0,26174.0,5265152.0,0.0,5.0,61.0,254817.0,timeout,310.0,294728,,timeout,310.0,3198444,,,,,memout,305.0,121132,,,,,,,,,timeout,310.0,55968,,,,,61,22,5,0.3513898788310762,0.5901639344262295,0.5701357466063348,0.7142857142857143
ACAS-Xu-prop-3-benchmarks/ACAS-Xu-2_9-prop-3_last5,success,0.129,7364,0.0,116.0,29.0,395.0,0.0,5.0,61.0,47.0,success,0.428,5520,116.0,success,0.38,96388,0.0,0.0,1.0,2240.0,memout,305.0,1628156,,,,,,,,,timeout,310.0,56116,,,,,61,22,5,0.3513898788310762,0.0950819672131147,0.5701357466063348,0.7
ACAS-Xu-prop-3-benchmarks/ACAS-Xu-2_9-prop-3_random5,success,1.086,23092,0.0,2176.0,101.0,16549.0,0.0,5.0,61.0,894.0,success,1.231,26248,2177.0,success,12.556,2243000,0.0,0.0,1.0,72756.0,memout,305.0,532864,,,,,,,,,timeout,310.0,56124,,,,,61,22,5,0.3513898788310762,0.2295081967213114,0.5701357466063348,0.8235294117647058
ACAS-Xu-prop-3-benchmarks/ACAS-Xu-3_1-prop-3_first5,timeout,310.0,684500,,,,,,,,,timeout,310.0,836488,,timeout,310.0,3937580,,,,,memout,305.0,42152,,,,,,,,,timeout,310.0,83912,,,,,181,62,5,0.2879066912216083,0.6408839779005525,0.4502955400322407,0.7142857142857143
ACAS-Xu-prop-3-benchmarks/ACAS-Xu-3_1-prop-3_last5,success,0.716,7784,0.0,176.0,5.0,10.0,0.0,5.0,181.0,518.0,success,6.928,22492,176.0,success,0.275,61912,0.0,0.0,0.0,176.0,success,0.69,7988,0.0,176.0,5.0,0.0,181.0,0.0,0.0,514.0,success,2.152,85620,186.0,1.0,0.0,0.0,181,62,5,0.2879066912216083,0.0165745856353591,0.4502955400322407,0.2
ACAS-Xu-prop-3-benchmarks/ACAS-Xu-3_1-prop-3_random5,timeout,310.0,1400388,,,,,,,,,timeout,310.0,664644,,timeout,310.0,3225000,,,,,memout,305.0,1229104,,,,,,,,,timeout,310.0,83644,,,,,181,62,5,0.2879066912216083,0.2287292817679558,0.4502955400322407,0.6
ACAS-Xu-prop-3-benchmarks/ACAS-Xu-3_2-prop-3_first5,timeout,310.0,664612,,,,,,,,,timeout,310.0,742608,,timeout,310.0,3904768,,,,,memout,305.0,129432,,,,,,,,,timeout,310.0,254804,,,,,274,93,5,0.2823419785681006,0.6496350364963503,0.4538688718251624,0.7142857142857143
ACAS-Xu-prop-3-benchmarks/ACAS-Xu-3_2-prop-3_last5,success,2.091,8948,0.0,269.0,5.0,10.0,0.0,5.0,274.0,1720.0,success,30.73,47028,269.0,success,0.419,84232,0.0,0.0,0.0,269.0,success,2.118,9164,0.0,269.0,5.0,0.0,274.0,0.0,0.0,1760.0,success,3.697,144328,279.0,1.0,0.0,0.0,274,93,5,0.2823419785681006,0.010948905109489,0.4538688718251624,0.2
ACAS-Xu-prop-3-benchmarks/ACAS-Xu-3_2-prop-3_random5,success,179.017,2761608,0.0,132557.0,121.0,354734.0,0.0,5.0,274.0,168684.0,timeout,310.0,1166780,,invalid,205.312,4026132,,,,,memout,305.0,151896,,,,,,,,,timeout,310.0,144896,,,,,274,93,5,0.2823419785681006,0.2051094890510948,0.4538688718251624,0.48
ACAS-Xu-prop-3-benchmarks/ACAS-Xu-3_3-prop-3_first5,timeout,310.0,428464,,,,,,,,,timeout,310.0,969876,,timeout,310.0,3921532,,,,,memout,305.0,81932,,,,,,,,,timeout,310.0,142372,,,,,232,79,5,0.2962284482758621,0.646551724137931,0.4811832374691865,0.7142857142857143
ACAS-Xu-prop-3-benchmarks/ACAS-Xu-3_3-prop-3_last5,success,1.513,8420,0.0,227.0,5.0,10.0,0.0,5.0,232.0,1204.0,success,15.234,34732,227.0,success,0.343,73872,0.0,0.0,0.0,227.0,success,1.302,8396,0.0,227.0,5.0,0.0,232.0,0.0,0.0,949.0,success,3.656,78600,237.0,1.0,0.0,0.0,232,79,5,0.2962284482758621,0.0129310344827586,0.4811832374691865,0.2
ACAS-Xu-prop-3-benchmarks/ACAS-Xu-3_3-prop-3_random5,timeout,310.0,3883988,,,,,,,,,timeout,310.0,224292,,timeout,310.0,3523952,,,,,memout,305.0,60324,,,,,,,,,timeout,310.0,80304,,,,,232,79,5,0.2962284482758621,0.1784482758620689,0.4811832374691865,0.56
ACAS-Xu-prop-3-benchmarks/ACAS-Xu-3_4-prop-3_first5,timeout,310.0,819368,,,,,,,,,timeout,310.0,868376,,invalid,299.995,3940916,,,,,memout,305.0,97912,,,,,,,,,timeout,310.0,140836,,,,,247,84,5,0.2947844724934508,0.6477732793522267,0.481277213352685,0.7142857142857143
ACAS-Xu-prop-3-benchmarks/ACAS-Xu-3_4-prop-3_last5,success,1.712,8612,0.0,242.0,5.0,10.0,0.0,5.0,247.0,1369.0,success,19.338,38864,242.0,success,0.294,80268,0.0,0.0,0.0,242.0,success,1.722,8656,0.0,242.0,5.0,0.0,247.0,0.0,0.0,1415.0,success,2.836,143720,252.0,1.0,0.0,0.0,247,84,5,0.2947844724934508,0.0121457489878542,0.481277213352685,0.2
ACAS-Xu-prop-3-benchmarks/ACAS-Xu-3_4-prop-3_random5,timeout,310.0,1018880,,,,,,,,,timeout,310.0,304940,,invalid,268.254,3955152,,,,,memout,305.0,69404,,,,,,,,,timeout,310.0,140940,,,,,247,84,5,0.2947844724934508,0.3927125506072874,0.481277213352685,0.6
ACAS-Xu-prop-3-benchmarks/ACAS-Xu-3_5-prop-3_first5,timeout,310.0,714072,,,,,,,,,timeout,310.0,320544,,timeout,310.0,3890652,,,,,memout,305.0,3994596,,,,,,,,,timeout,310.0,83540,,,,,142,49,5,0.3132394366197183,0.6338028169014085,0.5266811279826464,0.7142857142857143
ACAS-Xu-prop-3-benchmarks/ACAS-Xu-3_5-prop-3_last5,success,0.416,7500,0.0,137.0,5.0,10.0,0.0,5.0,142.0,265.0,success,3.443,15068,137.0,success,0.195,57588,0.0,0.0,0.0,137.0,success,0.374,7728,0.0,137.0,5.0,0.0,142.0,0.0,0.0,262.0,success,2.268,54556,147.0,1.0,0.0,0.0,142,49,5,0.3132394366197183,0.0211267605633802,0.5266811279826464,0.2
ACAS-Xu-prop-3-benchmarks/ACAS-Xu-3_5-prop-3_random5,timeout,310.0,1614272,,,,,,,,,timeout,310.0,367176,,timeout,310.0,3743228,,,,,memout,305.0,3559772,,,,,,,,,timeout,310.0,83800,,,,,142,49,5,0.3132394366197183,0.3464788732394366,0.5266811279826464,0.7142857142857143
ACAS-Xu-prop-3-benchmarks/ACAS-Xu-3_6-prop-3_first5,timeout,310.0,1134668,,,,,,,,,timeout,310.0,782748,,timeout,310.0,3938620,,,,,memout,305.0,41348,,,,,,,,,timeout,310.0,83700,,,,,178,61,5,0.3042769119246103,0.6404494382022472,0.5220772007775618,0.7142857142857143
ACAS-Xu-prop-3-benchmarks/ACAS-Xu-3_6-prop-3_last5,success,0.684,7884,0.0,173.0,5.0,10.0,0.0,5.0,178.0,505.0,success,6.895,21700,173.0,success,0.22,65828,0.0,0.0,0.0,173.0,success,0.668,8060,0.0,173.0,5.0,0.0,178.0,0.0,0.0,486.0,success,4.607,83136,183.0,1.0,0.0,0.0,178,61,5,0.3042769119246103,0.0168539325842696,0.5220772007775618,0.2
ACAS-Xu-prop-3-benchmarks/ACAS-Xu-3_6-prop-3_random5,timeout,310.0,1230856,,,,,,,,,timeout,310.0,837640,,timeout,310.0,3880616,,,,,memout,305.0,3870228,,,,,,,,,timeout,310.0,142044,,,,,178,61,5,0.3042769119246103,0.2887640449438202,0.5220772007775618,0.6
ACAS-Xu-prop-3-benchmarks/ACAS-Xu-3_7-prop-3_first5,timeout,310.0,685784,,,,,,,,,timeout,310.0,217556,,timeout,310.0,3360316,,,,,memout,305.0,458336,,,,,,,,,timeout,310.0,55408,,,,,79,28,5,0.3417721518987341,0.6075949367088608,0.5547945205479452,0.7142857142857143
ACAS-Xu-prop-3-benchmarks/ACAS-Xu-3_7-prop-3_last5,success,0.174,7216,0.0,96.0,23.0,232.0,0.0,5.0,79.0,63.0,success,0.66,6768,96.0,success,0.344,90536,0.0,0.0,1.0,1480.0,success,0.462,17120,0.0,954.0,5.0,0.0,79.0,0.0,0.0,363.0,timeout,310.0,55596,,,,,79,28,5,0.3417721518987341,0.0582278481012658,0.5547945205479452,0.7
ACAS-Xu-prop-3-benchmarks/ACAS-Xu-3_7-prop-3_random5,success,10.168,127632,0.0,12887.0,561.0,164552.0,0.0,5.0,79.0,9462.0,success,7.621,171476,12888.0,timeout,310.0,3249836,,,,,memout,305.0,3994508,,,,,,,,,timeout,310.0,55460,,,,,79,28,5,0.3417721518987341,0.2531645569620253,0.5547945205479452,0.6
ACAS-Xu-prop-3-benchmarks/ACAS-Xu-3_8-prop-3_first5,timeout,310.0,1060936,,,,,,,,,timeout,310.0,294880,,timeout,310.0,3913244,,,,,memout,305.0,3994548,,,,,,,,,timeout,310.0,83196,,,,,139,48,5,0.3196300102774922,0.6330935251798561,0.5067873303167421,0.7142857142857143
ACAS-Xu-prop-3-benchmarks/ACAS-Xu-3_8-prop-3_last5,success,0.395,7452,0.0,134.0,5.0,10.0,0.0,5.0,139.0,263.0,success,3.093,14524,134.0,success,0.215,57580,0.0,0.0,0.0,134.0,success,0.552,7372,0.0,134.0,5.0,0.0,139.0,0.0,0.0,263.0,success,1.727,54356,144.0,1.0,0.0,0.0,139,48,5,0.3196300102774922,0.0215827338129496,0.5067873303167421,0.2
ACAS-Xu-prop-3-benchmarks/ACAS-Xu-3_8-prop-3_random5,timeout,310.0,2048700,,,,,,,,,timeout,310.0,542100,,timeout,310.0,3937564,,,,,memout,305.0,48436,,,,,,,,,timeout,310.0,83572,,,,,139,48,5,0.3196300102774922,0.339568345323741,0.5067873303167421,0.6
ACAS-Xu-prop-3-benchmarks/ACAS-Xu-3_9-prop-3_first5,timeout,310.0,776492,,,,,,,,,timeout,310.0,611956,,timeout,310.0,3720640,,,,,memout,305.0,2825000,,,,,,,,,timeout,310.0,86124,,,,,112,39,5,0.3245535714285714,0.625,0.5349480968858131,0.7142857142857143
ACAS-Xu-prop-3-benchmarks/ACAS-Xu-3_9-prop-3_last5,success,0.389,7328,0.0,127.0,5.0,80.0,0.0,5.0,112.0,142.0,success,1.626,10604,127.0,success,0.246,65972,0.0,0.0,1.0,535.0,success,15.705,447796,0.0,21707.0,5.0,0.0,112.0,0.0,0.0,13576.0,success,2.604,55804,265.0,1.0,0.0,0.0,112,39,5,0.3245535714285714,0.0410714285714285,0.5349480968858131,0.4
ACAS-Xu-prop-3-benchmarks/ACAS-Xu-3_9-prop-3_random5,timeout,310.0,1046368,,,,,,,,,timeout,310.0,120768,,timeout,310.0,3871976,,,,,memout,305.0,2036788,,,,,,,,,timeout,310.0,53756,,,,,112,39,5,0.3245535714285714,0.4553571428571428,0.5349480968858131,0.6
ACAS-Xu-prop-3-benchmarks/ACAS-Xu-4_1-prop-3_first5,timeout,310.0,825980,,,,,,,,,timeout,310.0,782476,,timeout,310.0,3929512,,,,,memout,305.0,40516,,,,,,,,,timeout,310.0,84164,,,,,178,61,5,0.2874229793403407,0.6404494382022472,0.4607053596223271,0.7142857142857143
ACAS-Xu-prop-3-benchmarks/ACAS-Xu-4_1-prop-3_last5,success,0.734,7768,0.0,173.0,5.0,10.0,0.0,5.0,178.0,502.0,success,6.594,21860,173.0,success,0.278,61716,0.0,0.0,0.0,173.0,success,0.73,7956,0.0,173.0,5.0,0.0,178.0,0.0,0.0,496.0,success,2.161,85196,183.0,1.0,0.0,0.0,178,61,5,0.2874229793403407,0.0168539325842696,0.4607053596223271,0.2
ACAS-Xu-prop-3-benchmarks/ACAS-Xu-4_1-prop-3_random5,timeout,310.0,1469864,,,,,,,,,timeout,310.0,388808,,timeout,310.0,3814912,,,,,memout,305.0,989352,,,,,,,,,timeout,310.0,82448,,,,,178,61,5,0.2874229793403407,0.4505617977528089,0.4607053596223271,0.7142857142857143
ACAS-Xu-prop-3-benchmarks/ACAS-Xu-4_2-prop-3_first5,timeout,310.0,570024,,,,,,,,,timeout,310.0,935000,,timeout,310.0,3905120,,,,,memout,305.0,75680,,,,,,,,,timeout,310.0,140900,,,,,226,77,5,0.2854549580213297,0.6460176991150443,0.4588886965553055,0.7142857142857143
ACAS-Xu-prop-3-benchmarks/ACAS-Xu-4_2-prop-3_last5,success,1.291,8300,0.0,221.0,5.0,10.0,0.0,5.0,226.0,1010.0,success,13.849,33160,221.0,success,0.337,72028,0.0,0.0,0.0,221.0,success,1.273,8512,0.0,221.0,5.0,0.0,226.0,0.0,0.0,1019.0,success,4.073,87140,231.0,1.0,0.0,0.0,226,77,5,0.2854549580213297,0.0132743362831858,0.4588886965553055,0.2
ACAS-Xu-prop-3-benchmarks/ACAS-Xu-4_2-prop-3_random5,success,37.364,587852,0.0,31765.0,59.0,92873.0,0.0,5.0,226.0,34736.0,success,122.128,1129604,31765.0,success,91.637,3357256,0.0,0.0,1.0,323102.0,memout,305.0,113712,,,,,,,,,timeout,310.0,140852,,,,,226,77,5,0.2854549580213297,0.1584070796460177,0.4588886965553055,0.48
ACAS-Xu-prop-3-benchmarks/ACAS-Xu-4_3-prop-3_first5,timeout,310.0,388364,,,,,,,,,timeout,310.0,858468,,timeout,310.0,3906872,,,,,memout,305.0,110372,,,,,,,,,timeout,310.0,143836,,,,,259,88,5,0.2854973753850158,0.6486486486486487,0.4635402906208719,0.7142857142857143
ACAS-Xu-prop-3-benchmarks/ACAS-Xu-4_3-prop-3_last5,success,1.911,8724,0.0,254.0,5.0,10.0,0.0,5.0,259.0,1552.0,success,22.569,42496,254.0,success,0.538,79984,0.0,0.0,0.0,254.0,success,1.97,8956,0.0,254.0,5.0,0.0,259.0,0.0,0.0,1612.0,success,3.896,142840,264.0,1.0,0.0,0.0,259,88,5,0.2854973753850158,0.0115830115830115,0.4635402906208719,0.2
ACAS-Xu-prop-3-benchmarks/ACAS-Xu-4_3-prop-3_random5,timeout,310.0,2108016,,,,,,,,,timeout,310.0,218264,,invalid,226.832,3957396,,,,,memout,305.0,3994524,,,,,,,,,timeout,310.0,259892,,,,,259,88,5,0.2854973753850158,0.3227799227799228,0.4635402906208719,0.7142857142857143
ACAS-Xu-prop-3-benchmarks/ACAS-Xu-4_4-prop-3_first5,timeout,310.0,684600,,,,,,,,,timeout,310.0,509508,,timeout,310.0,3634416,,,,,memout,305.0,1153204,,,,,,,,,timeout,310.0,54312,,,,,94,33,5,0.334793491864831,0.6170212765957447,0.5453658536585366,0.7142857142857143
ACAS-Xu-prop-3-benchmarks/ACAS-Xu-4_4-prop-3_last5,success,0.221,7680,0.0,141.0,23.0,336.0,0.0,5.0,94.0,117.0,success,1.33,8396,141.0,success,0.417,107004,0.0,0.0,1.0,2047.0,memout,305.0,174152,,,,,,,,,timeout,310.0,54804,,,,,94,33,5,0.334793491864831,0.0574468085106383,0.5453658536585366,0.65
ACAS-Xu-prop-3-benchmarks/ACAS-Xu-4_4-prop-3_random5,timeout,310.0,990436,,,,,,,,,timeout,310.0,741400,,timeout,310.0,3278332,,,,,memout,305.0,302448,,,,,,,,,timeout,310.0,54256,,,,,94,33,5,0.334793491864831,0.4489361702127659,0.5453658536585366,0.6
ACAS-Xu-prop-3-benchmarks/ACAS-Xu-4_5-prop-3_first5,timeout,310.0,611060,,,,,,,,,timeout,310.0,594632,,timeout,310.0,3710328,,,,,memout,305.0,1359996,,,,,,,,,timeout,310.0,54364,,,,,97,34,5,0.3360824742268041,0.6185567010309279,0.5422018348623853,0.7142857142857143
ACAS-Xu-prop-3-benchmarks/ACAS-Xu-4_5-prop-3_last5,success,0.205,7560,0.0,130.0,11.0,185.0,0.0,5.0,97.0,111.0,success,1.112,8760,130.0,success,0.312,82412,0.0,0.0,1.0,1196.0,memout,305.0,1423496,,,,,,,,,success,57.005,95100,796.0,1.0,0.0,0.0,97,34,5,0.3360824742268041,0.0556701030927835,0.5422018348623853,0.55
ACAS-Xu-prop-3-benchmarks/ACAS-Xu-4_5-prop-3_random5,timeout,310.0,1110120,,,,,,,,,timeout,310.0,174216,,timeout,310.0,3437936,,,,,memout,305.0,387368,,,,,,,,,timeout,310.0,85892,,,,,97,34,5,0.3360824742268041,0.3505154639175257,0.5422018348623853,0.7142857142857143
ACAS-Xu-prop-3-benchmarks/ACAS-Xu-4_6-prop-3_first5,timeout,310.0,686356,,,,,,,,,timeout,310.0,900016,,timeout,310.0,3921536,,,,,memout,305.0,111788,,,,,,,,,timeout,310.0,144304,,,,,259,88,5,0.2920914493948202,0.6486486486486487,0.5112285336856011,0.7142857142857143
ACAS-Xu-prop-3-benchmarks/ACAS-Xu-4_6-prop-3_last5,success,1.852,8860,0.0,254.0,5.0,10.0,0.0,5.0,259.0,1522.0,success,19.304,42484,254.0,success,0.484,82072,0.0,0.0,0.0,254.0,success,1.913,9152,0.0,254.0,5.0,0.0,259.0,0.0,0.0,1564.0,success,2.817,143128,264.0,1.0,0.0,0.0,259,88,5,0.2920914493948202,0.0115830115830115,0.5112285336856011,0.2
ACAS-Xu-prop-3-benchmarks/ACAS-Xu-4_6-prop-3_random5,timeout,310.0,2939132,,,,,,,,,timeout,310.0,368156,,timeout,310.0,3714700,,,,,memout,305.0,3994544,,,,,,,,,timeout,310.0,144560,,,,,259,88,5,0.2920914493948202,0.3111969111969112,0.5112285336856011,0.6
ACAS-Xu-prop-3-benchmarks/ACAS-Xu-4_7-prop-3_first5,timeout,310.0,605740,,,,,,,,,timeout,310.0,191592,,timeout,310.0,3831360,,,,,memout,305.0,3994484,,,,,,,,,timeout,310.0,53424,,,,,121,42,5,0.3200076878723813,0.628099173553719,0.5326991676575505,0.7142857142857143
ACAS-Xu-prop-3-benchmarks/ACAS-Xu-4_7-prop-3_last5,success,0.298,7640,0.0,136.0,5.0,80.0,0.0,5.0,121.0,177.0,success,2.037,11908,136.0,success,0.269,66020,0.0,0.0,1.0,580.0,success,17.37,485840,0.0,22014.0,5.0,0.0,121.0,0.0,0.0,14843.0,success,3.799,54368,298.0,1.0,0.0,0.0,121,42,5,0.3200076878723813,0.0380165289256198,0.5326991676575505,0.4
ACAS-Xu-prop-3-benchmarks/ACAS-Xu-4_7-prop-3_random5,timeout,310.0,1229520,,,,,,,,,timeout,310.0,214668,,timeout,310.0,3308992,,,,,memout,305.0,216332,,,,,,,,,timeout,310.0,53312,,,,,121,42,5,0.3200076878723813,0.2892561983471074,0.5326991676575505,0.6
ACAS-Xu-prop-3-benchmarks/ACAS-Xu-4_8-prop-3_first5,timeout,310.0,637896,,,,,,,,,timeout,310.0,689824,,timeout,310.0,3790192,,,,,memout,305.0,2148304,,,,,,,,,timeout,310.0,85180,,,,,106,37,5,0.3286991062562066,0.6226415094339622,0.5404780262143408,0.7142857142857143
ACAS-Xu-prop-3-benchmarks/ACAS-Xu-4_8-prop-3_last5,success,0.297,7792,0.0,145.0,19.0,256.0,0.0,5.0,106.0,149.0,success,1.909,9720,145.0,success,0.405,107016,0.0,0.0,1.0,1919.0,memout,305.0,149360,,,,,,,,,timeout,310.0,86252,,,,,106,37,5,0.3286991062562066,0.0509433962264151,0.5404780262143408,0.65
ACAS-Xu-prop-3-benchmarks/ACAS-Xu-4_8-prop-3_random5,timeout,310.0,1358500,,,,,,,,,timeout,310.0,568096,,timeout,310.0,3753188,,,,,memout,305.0,2148044,,,,,,,,,timeout,310.0,84304,,,,,106,37,5,0.3286991062562066,0.4094339622641509,0.5404780262143408,0.6
ACAS-Xu-prop-3-benchmarks/ACAS-Xu-4_9-prop-3_first5,timeout,310.0,711668,,,,,,,,,timeout,310.0,441496,,timeout,310.0,3921376,,,,,memout,305.0,3193136,,,,,,,,,timeout,310.0,82748,,,,,154,53,5,0.3097643097643097,0.6363636363636364,0.5275415896487985,0.7142857142857143
ACAS-Xu-prop-3-benchmarks/ACAS-Xu-4_9-prop-3_last5,success,0.567,8424,0.0,191.0,11.0,189.0,0.0,5.0,154.0,386.0,success,4.205,17196,191.0,success,0.488,127256,0.0,0.0,1.0,2086.0,memout,305.0,3973604,,,,,,,,,success,75.529,168012,908.0,1.0,0.0,0.0,154,53,5,0.3097643097643097,0.035064935064935,0.5275415896487985,0.55
ACAS-Xu-prop-3-benchmarks/ACAS-Xu-4_9-prop-3_random5,timeout,310.0,1261976,,,,,,,,,timeout,310.0,245568,,timeout,310.0,3954020,,,,,memout,305.0,266656,,,,,,,,,timeout,310.0,82864,,,,,154,53,5,0.3097643097643097,0.4103896103896104,0.5275415896487985,0.6
ACAS-Xu-prop-3-benchmarks/ACAS-Xu-5_1-prop-3_first5,timeout,310.0,871824,,,,,,,,,timeout,310.0,851012,,timeout,310.0,3880344,,,,,memout,305.0,78312,,,,,,,,,timeout,310.0,141432,,,,,229,78,5,0.2835111381349842,0.6462882096069869,0.4509274873524452,0.7142857142857143
ACAS-Xu-prop-3-benchmarks/ACAS-Xu-5_1-prop-3_last5,success,1.293,8320,0.0,224.0,5.0,10.0,0.0,5.0,229.0,1042.0,success,13.913,33824,224.0,success,0.272,72120,0.0,0.0,0.0,224.0,success,1.281,8580,0.0,224.0,5.0,0.0,229.0,0.0,0.0,1030.0,success,3.229,87792,234.0,1.0,0.0,0.0,229,78,5,0.2835111381349842,0.0131004366812227,0.4509274873524452,0.2
ACAS-Xu-prop-3-benchmarks/ACAS-Xu-5_1-prop-3_random5,timeout,310.0,1600944,,,,,,,,,timeout,310.0,299148,,timeout,310.0,3954412,,,,,memout,305.0,3637748,,,,,,,,,timeout,310.0,263660,,,,,229,78,5,0.2835111381349842,0.4323144104803493,0.4509274873524452,0.6
ACAS-Xu-prop-3-benchmarks/ACAS-Xu-5_2-prop-3_first5,timeout,310.0,445236,,,,,,,,,timeout,310.0,593636,,timeout,310.0,3921248,,,,,memout,305.0,937444,,,,,,,,,timeout,310.0,145780,,,,,166,57,5,0.2989198171998338,0.6385542168674698,0.4660503665922856,0.7142857142857143
ACAS-Xu-prop-3-benchmarks/ACAS-Xu-5_2-prop-3_last5,success,0.859,7396,0.0,161.0,5.0,10.0,0.0,5.0,166.0,420.0,success,5.231,19408,161.0,success,0.254,61896,0.0,0.0,0.0,161.0,success,0.589,7844,0.0,161.0,5.0,0.0,166.0,0.0,0.0,413.0,success,2.321,51708,171.0,1.0,0.0,0.0,166,57,5,0.2989198171998338,0.0180722891566265,0.4660503665922856,0.2
ACAS-Xu-prop-3-benchmarks/ACAS-Xu-5_2-prop-3_random5,memout,305.0,3991072,,,,,,,,,timeout,310.0,370132,,timeout,310.0,3970384,,,,,memout,305.0,217632,,,,,,,,,timeout,310.0,83872,,,,,166,57,5,0.2989198171998338,0.3493975903614458,0.4660503665922856,0.56
ACAS-Xu-prop-3-benchmarks/ACAS-Xu-5_3-prop-3_first5,timeout,310.0,947908,,,,,,,,,timeout,310.0,1033184,,timeout,310.0,3913252,,,,,memout,305.0,58588,,,,,,,,,timeout,310.0,142208,,,,,205,70,5,0.2935760906904843,0.6439024390243903,0.4857202855942881,0.7142857142857143
ACAS-Xu-prop-3-benchmarks/ACAS-Xu-5_3-prop-3_last5,success,1.015,8088,0.0,200.0,5.0,10.0,0.0,5.0,205.0,777.0,success,11.082,27756,200.0,success,0.327,69764,0.0,0.0,0.0,200.0,success,0.97,8364,0.0,200.0,5.0,0.0,205.0,0.0,0.0,760.0,success,2.161,85484,210.0,1.0,0.0,0.0,205,70,5,0.2935760906904843,0.0146341463414634,0.4857202855942881,0.2
ACAS-Xu-prop-3-benchmarks/ACAS-Xu-5_3-prop-3_random5,success,64.94,946528,0.0,53638.0,75.0,150083.0,0.0,5.0,205.0,60466.0,success,161.164,1720608,53638.0,success,120.279,3701276,0.0,0.0,1.0,379000.0,memout,305.0,130924,,,,,,,,,timeout,310.0,150756,,,,,205,70,5,0.2935760906904843,0.2039024390243902,0.4857202855942881,0.48
ACAS-Xu-prop-3-benchmarks/ACAS-Xu-5_4-prop-3_first5,timeout,310.0,687232,,,,,,,,,timeout,310.0,294648,,timeout,310.0,3913384,,,,,memout,305.0,3994560,,,,,,,,,timeout,310.0,83516,,,,,139,48,5,0.3163999412714726,0.6330935251798561,0.5153846153846153,0.7142857142857143
ACAS-Xu-prop-3-benchmarks/ACAS-Xu-5_4-prop-3_last5,success,0.377,7456,0.0,134.0,5.0,10.0,0.0,5.0,139.0,246.0,success,3.081,14572,134.0,success,0.393,57684,0.0,0.0,0.0,134.0,success,0.376,7668,0.0,134.0,5.0,0.0,139.0,0.0,0.0,246.0,success,1.752,54452,144.0,1.0,0.0,0.0,139,48,5,0.3163999412714726,0.0215827338129496,0.5153846153846153,0.2
ACAS-Xu-prop-3-benchmarks/ACAS-Xu-5_4-prop-3_random5,timeout,310.0,2102996,,,,,,,,,timeout,310.0,304416,,timeout,310.0,3872316,,,,,memout,305.0,310916,,,,,,,,,timeout,310.0,82744,,,,,139,48,5,0.3163999412714726,0.3136690647482014,0.5153846153846153,0.7
ACAS-Xu-prop-3-benchmarks/ACAS-Xu-5_5-prop-3_first5,timeout,310.0,377992,,,,,,,,,timeout,310.0,552592,,timeout,310.0,3937640,,,,,memout,305.0,1566288,,,,,,,,,timeout,310.0,83460,,,,,163,56,5,0.3075018835432138,0.6380368098159509,0.5221414408460013,0.7142857142857143
ACAS-Xu-prop-3-benchmarks/ACAS-Xu-5_5-prop-3_last5,success,0.56,7696,0.0,158.0,5.0,10.0,0.0,5.0,163.0,397.0,success,5.106,18788,158.0,success,0.231,61624,0.0,0.0,0.0,158.0,success,0.551,7968,0.0,158.0,5.0,0.0,163.0,0.0,0.0,395.0,success,2.227,84936,168.0,1.0,0.0,0.0,163,56,5,0.3075018835432138,0.0184049079754601,0.5221414408460013,0.2
ACAS-Xu-prop-3-benchmarks/ACAS-Xu-5_5-prop-3_random5,timeout,310.0,1834372,,,,,,,,,timeout,310.0,809144,,timeout,310.0,3741156,,,,,memout,305.0,3994324,,,,,,,,,timeout,310.0,83596,,,,,163,56,5,0.3075018835432138,0.2883435582822086,0.5221414408460013,0.6
ACAS-Xu-prop-3-benchmarks/ACAS-Xu-5_6-prop-3_first5,timeout,310.0,907228,,,,,,,,,timeout,310.0,552212,,timeout,310.0,3904708,,,,,memout,305.0,1567460,,,,,,,,,timeout,310.0,83524,,,,,163,56,5,0.3146055322354967,0.6380368098159509,0.5221414408460013,0.7142857142857143
ACAS-Xu-prop-3-benchmarks/ACAS-Xu-5_6-prop-3_last5,success,0.576,7700,0.0,158.0,5.0,10.0,0.0,5.0,163.0,411.0,success,5.06,18760,158.0,success,0.241,61856,0.0,0.0,0.0,158.0,success,0.544,7928,0.0,158.0,5.0,0.0,163.0,0.0,0.0,391.0,success,1.727,85676,168.0,1.0,0.0,0.0,163,56,5,0.3146055322354967,0.0184049079754601,0.5221414408460013,0.2
ACAS-Xu-prop-3-benchmarks/ACAS-Xu-5_6-prop-3_random5,timeout,310.0,1713032,,,,,,,,,timeout,310.0,363564,,invalid,253.894,3932592,,,,,memout,305.0,3937608,,,,,,,,,timeout,310.0,84012,,,,,163,56,5,0.3146055322354967,0.456441717791411,0.5221414408460013,0.7142857142857143
ACAS-Xu-prop-3-benchmarks/ACAS-Xu-5_7-prop-3_first5,success,129.603,920312,0.0,143614.0,16234.0,2631320.0,0.0,5.0,55.0,124553.0,success,274.623,1355792,143619.0,timeout,310.0,3053112,,,,,memout,305.0,72148,,,,,,,,,timeout,310.0,55752,,,,,55,20,5,0.3593073593073593,0.5818181818181818,0.5773480662983426,0.7142857142857143
ACAS-Xu-prop-3-benchmarks/ACAS-Xu-5_7-prop-3_last5,success,0.136,7308,0.0,118.0,27.0,432.0,0.0,5.0,55.0,42.0,success,0.331,5112,118.0,success,0.357,92592,0.0,0.0,1.0,2100.0,memout,305.0,3994500,,,,,,,,,timeout,310.0,86412,,,,,55,20,5,0.3593073593073593,0.1127272727272727,0.5773480662983426,0.7
ACAS-Xu-prop-3-benchmarks/ACAS-Xu-5_7-prop-3_random5,success,8.194,102224,0.0,14691.0,1058.0,160771.0,0.0,5.0,55.0,7678.0,success,8.601,138724,14694.0,success,222.572,2881780,0.0,0.0,1.0,470660.0,memout,305.0,3994460,,,,,,,,,timeout,310.0,56672,,,,,55,20,5,0.3593073593073593,0.3927272727272727,0.5773480662983426,0.7
ACAS-Xu-prop-3-benchmarks/ACAS-Xu-5_8-prop-3_first5,timeout,310.0,659356,,,,,,,,,timeout,310.0,441140,,timeout,310.0,3921332,,,,,memout,305.0,3193824,,,,,,,,,timeout,310.0,82912,,,,,154,53,5,0.3181818181818182,0.6363636363636364,0.5182994454713493,0.7142857142857143
ACAS-Xu-prop-3-benchmarks/ACAS-Xu-5_8-prop-3_last5,success,0.499,7664,0.0,149.0,5.0,10.0,0.0,5.0,154.0,344.0,success,4.392,17176,149.0,success,0.221,59800,0.0,0.0,0.0,149.0,success,0.54,7856,0.0,149.0,5.0,0.0,154.0,0.0,0.0,343.0,success,1.482,55016,159.0,1.0,0.0,0.0,154,53,5,0.3181818181818182,0.0194805194805194,0.5182994454713493,0.2
ACAS-Xu-prop-3-benchmarks/ACAS-Xu-5_8-prop-3_random5,success,12.839,172464,0.0,9523.0,277.0,55502.0,0.0,5.0,154.0,11756.0,success,24.137,245948,9523.0,success,80.689,2808080,0.0,0.0,1.0,220818.0,memout,305.0,323212,,,,,,,,,timeout,310.0,84040,,,,,154,53,5,0.3181818181818182,0.1285714285714285,0.5182994454713493,0.65
ACAS-Xu-prop-3-benchmarks/ACAS-Xu-5_9-prop-3_first5,timeout,310.0,752132,,,,,,,,,timeout,310.0,216932,,timeout,310.0,3257864,,,,,memout,305.0,459116,,,,,,,,,timeout,310.0,54872,,,,,79,28,5,0.3443910955914447,0.6075949367088608,0.541095890410959,0.7142857142857143
ACAS-Xu-prop-3-benchmarks/ACAS-Xu-5_9-prop-3_last5,success,0.165,6988,0.0,74.0,5.0,10.0,0.0,5.0,79.0,48.0,success,0.639,6728,74.0,success,0.209,49708,0.0,0.0,0.0,74.0,success,0.117,7168,0.0,74.0,5.0,0.0,79.0,0.0,0.0,48.0,success,0.419,37452,84.0,1.0,0.0,0.0,79,28,5,0.3443910955914447,0.0379746835443038,0.541095890410959,0.2
ACAS-Xu-prop-3-benchmarks/ACAS-Xu-5_9-prop-3_random5,success,5.578,91692,0.0,9345.0,298.0,83926.0,0.0,5.0,79.0,5056.0,success,6.559,125112,9346.0,success,59.401,2627976,0.0,0.0,1.0,245350.0,memout,305.0,991264,,,,,,,,,timeout,310.0,85096,,,,,79,28,5,0.3443910955914447,0.2379746835443038,0.541095890410959,0.6
ACAS-Xu-prop-4-benchmarks/ACAS-Xu-1_1-prop-4_first5,timeout,310.0,1609876,,,,,,,,,timeout,310.0,909176,,timeout,310.0,3937788,,,,,memout,305.0,63328,,,,,,,,,timeout,310.0,143740,,,,,211,72,5,0.2910471985976758,0.6445497630331753,0.4662832209440698,0.7142857142857143
ACAS-Xu-prop-4-benchmarks/ACAS-Xu-1_1-prop-4_last5,success,1.108,8164,0.0,205.0,5.0,10.0,0.0,5.0,211.0,853.0,success,11.277,29356,206.0,success,0.266,76064,0.0,0.0,0.0,205.0,success,1.09,8380,0.0,205.0,5.0,0.0,211.0,0.0,0.0,850.0,success,2.064,85836,216.0,1.0,0.0,0.0,211,72,5,0.2910471985976758,0.0142180094786729,0.4662832209440698,0.2
ACAS-Xu-prop-4-benchmarks/ACAS-Xu-1_1-prop-4_random5,timeout,310.0,1528568,,,,,,,,,timeout,310.0,249968,,timeout,310.0,4003476,,,,,memout,305.0,3679068,,,,,,,,,timeout,310.0,141696,,,,,211,72,5,0.2910471985976758,0.3459715639810427,0.4662832209440698,0.6
ACAS-Xu-prop-4-benchmarks/ACAS-Xu-1_2-prop-4_first5,timeout,310.0,1502680,,,,,,,,,timeout,310.0,889620,,timeout,310.0,3937960,,,,,memout,305.0,88344,,,,,,,,,timeout,310.0,142384,,,,,238,81,5,0.292273006763681,0.6470588235294118,0.4825808467426964,0.7142857142857143
ACAS-Xu-prop-4-benchmarks/ACAS-Xu-1_2-prop-4_last5,success,1.592,8480,0.0,232.0,5.0,10.0,0.0,5.0,238.0,1256.0,success,17.289,36444,233.0,success,0.278,82576,0.0,0.0,0.0,232.0,success,1.531,8736,0.0,232.0,5.0,0.0,238.0,0.0,0.0,1232.0,success,2.863,78568,243.0,1.0,0.0,0.0,238,81,5,0.292273006763681,0.0126050420168067,0.4825808467426964,0.2
ACAS-Xu-prop-4-benchmarks/ACAS-Xu-1_2-prop-4_random5,timeout,310.0,2353112,,,,,,,,,timeout,310.0,284832,,invalid,273.664,4039192,,,,,memout,305.0,3805096,,,,,,,,,timeout,310.0,142284,,,,,238,81,5,0.292273006763681,0.3436974789915966,0.4825808467426964,0.6
ACAS-Xu-prop-4-benchmarks/ACAS-Xu-1_3-prop-4_first5,timeout,310.0,1912308,,,,,,,,,timeout,310.0,836344,,timeout,310.0,3937840,,,,,memout,305.0,97552,,,,,,,,,timeout,310.0,143048,,,,,247,84,5,0.2884020004763039,0.6477732793522267,0.474455732946299,0.7142857142857143
ACAS-Xu-prop-4-benchmarks/ACAS-Xu-1_3-prop-4_last5,success,1.698,8576,0.0,241.0,5.0,10.0,0.0,5.0,247.0,1364.0,success,19.143,38936,242.0,success,0.633,84280,0.0,0.0,0.0,241.0,success,1.654,8848,0.0,241.0,5.0,0.0,247.0,0.0,0.0,1345.0,success,3.18,143448,252.0,1.0,0.0,0.0,247,84,5,0.2884020004763039,0.0121457489878542,0.474455732946299,0.2
ACAS-Xu-prop-4-benchmarks/ACAS-Xu-1_3-prop-4_random5,timeout,310.0,2049472,,,,,,,,,timeout,310.0,441000,,timeout,310.0,4044424,,,,,memout,305.0,2005900,,,,,,,,,timeout,310.0,142788,,,,,247,84,5,0.2884020004763039,0.2048582995951417,0.474455732946299,0.6
ACAS-Xu-prop-4-benchmarks/ACAS-Xu-1_4-prop-4_first5,timeout,310.0,1418664,,,,,,,,,timeout,310.0,270808,,timeout,310.0,3921364,,,,,memout,305.0,3858336,,,,,,,,,timeout,310.0,83620,,,,,136,47,5,0.3204656862745098,0.6323529411764706,0.5191308455361361,0.7142857142857143
ACAS-Xu-prop-4-benchmarks/ACAS-Xu-1_4-prop-4_last5,success,0.373,7428,0.0,130.0,5.0,10.0,0.0,5.0,136.0,233.0,success,2.83,14148,131.0,success,0.19,59596,0.0,0.0,0.0,130.0,success,0.341,7636,0.0,130.0,5.0,0.0,136.0,0.0,0.0,227.0,success,1.294,54324,141.0,1.0,0.0,0.0,136,47,5,0.3204656862745098,0.0220588235294117,0.5191308455361361,0.2
ACAS-Xu-prop-4-benchmarks/ACAS-Xu-1_4-prop-4_random5,timeout,310.0,1941224,,,,,,,,,timeout,310.0,307292,,invalid,280.367,4016616,,,,,memout,305.0,3567192,,,,,,,,,timeout,310.0,83236,,,,,136,47,5,0.3204656862745098,0.3264705882352941,0.5191308455361361,0.6
ACAS-Xu-prop-4-benchmarks/ACAS-Xu-1_5-prop-4_first5,timeout,310.0,1548448,,,,,,,,,timeout,310.0,637808,,timeout,310.0,3921344,,,,,memout,305.0,388940,,,,,,,,,timeout,310.0,83884,,,,,169,58,5,0.303580383111022,0.6390532544378699,0.4981538461538461,0.7142857142857143
ACAS-Xu-prop-4-benchmarks/ACAS-Xu-1_5-prop-4_last5,success,0.617,7768,0.0,163.0,5.0,10.0,0.0,5.0,169.0,436.0,success,5.965,19928,164.0,success,0.217,66020,0.0,0.0,0.0,163.0,success,0.596,7884,0.0,163.0,5.0,0.0,169.0,0.0,0.0,434.0,success,2.031,85120,174.0,1.0,0.0,0.0,169,58,5,0.303580383111022,0.0177514792899408,0.4981538461538461,0.2
ACAS-Xu-prop-4-benchmarks/ACAS-Xu-1_5-prop-4_random5,memout,305.0,3993736,,,,,,,,,timeout,310.0,126564,,timeout,310.0,4052260,,,,,memout,305.0,3982472,,,,,,,,,timeout,310.0,85532,,,,,169,58,5,0.303580383111022,0.2686390532544379,0.4981538461538461,0.56
ACAS-Xu-prop-4-benchmarks/ACAS-Xu-1_6-prop-4_first5,timeout,310.0,1389308,,,,,,,,,timeout,310.0,732564,,timeout,310.0,3896700,,,,,memout,305.0,39516,,,,,,,,,timeout,310.0,82940,,,,,175,60,5,0.3030444964871194,0.64,0.4862148190695003,0.7142857142857143
ACAS-Xu-prop-4-benchmarks/ACAS-Xu-1_6-prop-4_last5,success,0.687,7780,0.0,169.0,5.0,10.0,0.0,5.0,175.0,508.0,success,6.151,21160,170.0,success,0.223,65892,0.0,0.0,0.0,169.0,success,0.715,8008,0.0,169.0,5.0,0.0,175.0,0.0,0.0,495.0,success,1.797,84700,180.0,1.0,0.0,0.0,175,60,5,0.3030444964871194,0.0171428571428571,0.4862148190695003,0.2
ACAS-Xu-prop-4-benchmarks/ACAS-Xu-1_6-prop-4_random5,timeout,310.0,1495164,,,,,,,,,timeout,310.0,602820,,timeout,310.0,3159660,,,,,memout,305.0,398924,,,,,,,,,timeout,310.0,83060,,,,,175,60,5,0.3030444964871194,0.2617142857142857,0.4862148190695003,0.6
ACAS-Xu-prop-4-benchmarks/ACAS-Xu-1_7-prop-4_first5,timeout,310.0,1299780,,,,,,,,,timeout,310.0,510652,,timeout,310.0,3446160,,,,,memout,305.0,1093340,,,,,,,,,timeout,310.0,54088,,,,,94,33,5,0.3316645807259074,0.6170212765957447,0.5258536585365854,0.7142857142857143
ACAS-Xu-prop-4-benchmarks/ACAS-Xu-1_7-prop-4_last5,success,0.172,7108,0.0,88.0,5.0,10.0,0.0,5.0,94.0,74.0,success,1.274,8404,89.0,success,0.205,53800,0.0,0.0,0.0,88.0,success,0.186,6968,0.0,88.0,5.0,0.0,94.0,0.0,0.0,74.0,success,1.274,38224,99.0,1.0,0.0,0.0,94,33,5,0.3316645807259074,0.0319148936170212,0.5258536585365854,0.2
ACAS-Xu-prop-4-benchmarks/ACAS-Xu-1_7-prop-4_random5,success,12.928,225264,0.0,21440.0,300.0,130859.0,0.0,5.0,94.0,11878.0,success,20.605,328628,21442.0,success,96.6,3012952,0.0,0.0,1.0,350592.0,memout,305.0,1032968,,,,,,,,,timeout,310.0,55328,,,,,94,33,5,0.3316645807259074,0.2638297872340425,0.5258536585365854,0.65
ACAS-Xu-prop-4-benchmarks/ACAS-Xu-1_8-prop-4_first5,timeout,310.0,1237644,,,,,,,,,timeout,310.0,710988,,timeout,310.0,3767752,,,,,memout,305.0,1798384,,,,,,,,,timeout,310.0,53888,,,,,103,36,5,0.332983468905799,0.6213592233009708,0.534257748776509,0.7142857142857143
ACAS-Xu-prop-4-benchmarks/ACAS-Xu-1_8-prop-4_last5,success,0.221,7156,0.0,97.0,5.0,10.0,0.0,5.0,103.0,103.0,success,1.343,9404,98.0,success,0.189,55600,0.0,0.0,0.0,97.0,success,0.203,7416,0.0,97.0,5.0,0.0,103.0,0.0,0.0,104.0,success,0.991,39216,108.0,1.0,0.0,0.0,103,36,5,0.332983468905799,0.029126213592233,0.534257748776509,0.2
ACAS-Xu-prop-4-benchmarks/ACAS-Xu-1_8-prop-4_random5,timeout,310.0,3048816,,,,,,,,,timeout,310.0,223064,,timeout,310.0,3458528,,,,,memout,305.0,1736968,,,,,,,,,timeout,310.0,54812,,,,,103,36,5,0.332983468905799,0.3805825242718446,0.534257748776509,0.7142857142857143
ACAS-Xu-prop-4-benchmarks/ACAS-Xu-1_9-prop-4_first5,timeout,310.0,1609756,,,,,,,,,timeout,310.0,436348,,timeout,310.0,3476956,,,,,memout,305.0,929548,,,,,,,,,timeout,310.0,86416,,,,,91,32,5,0.3293373293373293,0.6153846153846154,0.5374220374220374,0.7142857142857143
ACAS-Xu-prop-4-benchmarks/ACAS-Xu-1_9-prop-4_last5,success,0.147,7108,0.0,85.0,5.0,10.0,0.0,5.0,91.0,69.0,success,0.934,8020,86.0,success,0.562,51476,0.0,0.0,0.0,85.0,success,0.304,6940,0.0,85.0,5.0,0.0,91.0,0.0,0.0,69.0,success,1.798,37908,96.0,1.0,0.0,0.0,91,32,5,0.3293373293373293,0.0329670329670329,0.5374220374220374,0.2
ACAS-Xu-prop-4-benchmarks/ACAS-Xu-1_9-prop-4_random5,success,14.97,230156,0.0,23499.0,557.0,145791.0,1.0,5.0,91.0,13898.0,timeout,310.0,159432,,success,127.851,2898384,0.0,0.0,1.0,345950.0,memout,305.0,279128,,,,,,,,,timeout,310.0,54080,,,,,91,32,5,0.3293373293373293,0.4,0.5374220374220374,0.6
ACAS-Xu-prop-4-benchmarks/ACAS-Xu-2_1-prop-4_first5,timeout,310.0,1345512,,,,,,,,,timeout,310.0,923176,,invalid,273.273,3938804,,,,,memout,305.0,68408,,,,,,,,,timeout,310.0,141416,,,,,217,74,5,0.2898310291858679,0.6451612903225806,0.4771106941838649,0.7142857142857143
ACAS-Xu-prop-4-benchmarks/ACAS-Xu-2_1-prop-4_last5,success,1.231,8212,0.0,211.0,5.0,10.0,0.0,5.0,217.0,938.0,success,12.368,30836,212.0,success,0.355,76192,0.0,0.0,0.0,211.0,success,1.191,8464,0.0,211.0,5.0,0.0,217.0,0.0,0.0,920.0,success,2.659,86672,222.0,1.0,0.0,0.0,217,74,5,0.2898310291858679,0.0138248847926267,0.4771106941838649,0.2
ACAS-Xu-prop-4-benchmarks/ACAS-Xu-2_1-prop-4_random5,timeout,310.0,1749724,,,,,,,,,timeout,310.0,784260,,timeout,310.0,2471520,,,,,memout,305.0,1100212,,,,,,,,,timeout,310.0,143620,,,,,217,74,5,0.2898310291858679,0.3354838709677419,0.4771106941838649,0.6
ACAS-Xu-prop-4-benchmarks/ACAS-Xu-2_2-prop-4_first5,timeout,310.0,1653836,,,,,,,,,timeout,310.0,945608,,timeout,310.0,3937656,,,,,memout,305.0,68712,,,,,,,,,timeout,310.0,142276,,,,,217,74,5,0.2981874039938556,0.6451612903225806,0.4848030018761726,0.7142857142857143
ACAS-Xu-prop-4-benchmarks/ACAS-Xu-2_2-prop-4_last5,success,1.216,8300,0.0,211.0,5.0,10.0,0.0,5.0,217.0,964.0,success,13.105,30820,212.0,success,0.27,78288,0.0,0.0,0.0,211.0,success,1.191,8456,0.0,211.0,5.0,0.0,217.0,0.0,0.0,946.0,success,2.277,86744,222.0,1.0,0.0,0.0,217,74,5,0.2981874039938556,0.0138248847926267,0.4848030018761726,0.2
ACAS-Xu-prop-4-benchmarks/ACAS-Xu-2_2-prop-4_random5,timeout,310.0,2123688,,,,,,,,,timeout,310.0,441028,,timeout,310.0,3622528,,,,,memout,305.0,880516,,,,,,,,,timeout,310.0,142512,,,,,217,74,5,0.2981874039938556,0.1907834101382488,0.4848030018761726,0.6
ACAS-Xu-prop-4-benchmarks/ACAS-Xu-2_3-prop-4_first5,timeout,310.0,1463704,,,,,,,,,timeout,310.0,270672,,timeout,310.0,3937832,,,,,memout,305.0,3781404,,,,,,,,,timeout,310.0,83936,,,,,136,47,5,0.3137254901960784,0.6323529411764706,0.5011809163911195,0.7142857142857143
ACAS-Xu-prop-4-benchmarks/ACAS-Xu-2_3-prop-4_last5,success,0.356,7424,0.0,130.0,5.0,10.0,0.0,5.0,136.0,233.0,success,2.913,14076,131.0,success,0.474,57596,0.0,0.0,0.0,130.0,success,0.335,7656,0.0,130.0,5.0,0.0,136.0,0.0,0.0,226.0,success,1.68,54420,141.0,1.0,0.0,0.0,136,47,5,0.3137254901960784,0.0220588235294117,0.5011809163911195,0.2
ACAS-Xu-prop-4-benchmarks/ACAS-Xu-2_3-prop-4_random5,timeout,310.0,1708352,,,,,,,,,timeout,310.0,810576,,timeout,310.0,3622400,,,,,memout,305.0,1732312,,,,,,,,,timeout,310.0,83440,,,,,136,47,5,0.3137254901960784,0.3794117647058823,0.5011809163911195,0.7
ACAS-Xu-prop-4-benchmarks/ACAS-Xu-2_4-prop-4_first5,timeout,310.0,1615648,,,,,,,,,timeout,310.0,594000,,timeout,310.0,3929464,,,,,memout,305.0,1059168,,,,,,,,,timeout,310.0,83000,,,,,166,57,5,0.3078520980473618,0.6385542168674698,0.5055785782594836,0.7142857142857143
ACAS-Xu-prop-4-benchmarks/ACAS-Xu-2_4-prop-4_last5,success,0.582,7760,0.0,160.0,5.0,10.0,0.0,5.0,166.0,416.0,success,5.27,19312,161.0,success,0.28,65864,0.0,0.0,0.0,160.0,success,0.565,7908,0.0,160.0,5.0,0.0,166.0,0.0,0.0,411.0,success,2.289,85012,171.0,1.0,0.0,0.0,166,57,5,0.3078520980473618,0.0180722891566265,0.5055785782594836,0.2
ACAS-Xu-prop-4-benchmarks/ACAS-Xu-2_4-prop-4_random5,timeout,310.0,1083016,,,,,,,,,timeout,310.0,841188,,timeout,310.0,4027840,,,,,memout,305.0,3134052,,,,,,,,,timeout,310.0,83372,,,,,166,57,5,0.3078520980473618,0.4518072289156626,0.5055785782594836,0.6
ACAS-Xu-prop-4-benchmarks/ACAS-Xu-2_5-prop-4_first5,timeout,310.0,1751420,,,,,,,,,timeout,310.0,924572,,timeout,310.0,3953892,,,,,memout,305.0,73124,,,,,,,,,timeout,310.0,142312,,,,,223,76,5,0.2833265389319201,0.6457399103139013,0.4621400639886242,0.7142857142857143
ACAS-Xu-prop-4-benchmarks/ACAS-Xu-2_5-prop-4_last5,success,1.271,8296,0.0,217.0,5.0,10.0,0.0,5.0,223.0,989.0,success,13.507,32372,218.0,success,0.321,78296,0.0,0.0,0.0,217.0,success,1.246,8440,0.0,217.0,5.0,0.0,223.0,0.0,0.0,987.0,success,2.554,87180,228.0,1.0,0.0,0.0,223,76,5,0.2833265389319201,0.0134529147982062,0.4621400639886242,0.2
ACAS-Xu-prop-4-benchmarks/ACAS-Xu-2_5-prop-4_random5,success,26.977,413292,0.0,22167.0,57.0,61160.0,0.0,5.0,223.0,24776.0,success,92.461,784924,22168.0,success,225.201,3742268,0.0,0.0,1.0,422716.0,memout,305.0,79324,,,,,,,,,timeout,310.0,79520,,,,,223,76,5,0.2833265389319201,0.1408071748878923,0.4621400639886242,0.48
ACAS-Xu-prop-4-benchmarks/ACAS-Xu-2_6-prop-4_first5,timeout,310.0,1419060,,,,,,,,,timeout,310.0,836612,,timeout,310.0,3954164,,,,,memout,305.0,43444,,,,,,,,,timeout,310.0,86060,,,,,181,62,5,0.3096553538542488,0.6408839779005525,0.5067168189145621,0.7142857142857143
ACAS-Xu-prop-4-benchmarks/ACAS-Xu-2_6-prop-4_last5,success,0.743,7920,0.0,175.0,5.0,10.0,0.0,5.0,181.0,554.0,success,7.543,22508,176.0,success,0.333,67924,0.0,0.0,0.0,175.0,success,0.905,7756,0.0,175.0,5.0,0.0,181.0,0.0,0.0,554.0,success,1.779,83648,186.0,1.0,0.0,0.0,181,62,5,0.3096553538542488,0.0165745856353591,0.5067168189145621,0.2
ACAS-Xu-prop-4-benchmarks/ACAS-Xu-2_6-prop-4_random5,success,7.114,103436,0.0,5519.0,28.0,17442.0,1.0,5.0,181.0,6448.0,timeout,310.0,931720,,success,23.283,2529724,0.0,0.0,1.0,82600.0,memout,305.0,3994504,,,,,,,,,timeout,310.0,84280,,,,,181,62,5,0.3096553538542488,0.2430939226519337,0.5067168189145621,0.56
ACAS-Xu-prop-4-benchmarks/ACAS-Xu-2_7-prop-4_first5,timeout,310.0,1338216,,,,,,,,,timeout,310.0,541324,,timeout,310.0,3896824,,,,,memout,305.0,3674780,,,,,,,,,timeout,310.0,54056,,,,,118,41,5,0.327683615819209,0.6271186440677966,0.5334166146158651,0.7142857142857143
ACAS-Xu-prop-4-benchmarks/ACAS-Xu-2_7-prop-4_last5,success,0.29,7580,0.0,132.0,5.0,80.0,0.0,5.0,118.0,166.0,success,2.045,11412,133.0,success,0.324,72292,0.0,0.0,1.0,560.0,success,14.267,393164,0.0,18143.0,5.0,0.0,118.0,0.0,0.0,12344.0,success,3.913,54204,274.0,1.0,0.0,0.0,118,41,5,0.327683615819209,0.0389830508474576,0.5334166146158651,0.4
ACAS-Xu-prop-4-benchmarks/ACAS-Xu-2_7-prop-4_random5,timeout,310.0,1308500,,,,,,,,,timeout,310.0,1596484,,timeout,310.0,3692084,,,,,memout,305.0,414264,,,,,,,,,timeout,310.0,146724,,,,,118,41,5,0.327683615819209,0.3016949152542373,0.5334166146158651,0.7142857142857143
ACAS-Xu-prop-4-benchmarks/ACAS-Xu-2_8-prop-4_first5,timeout,310.0,2208816,,,,,,,,,timeout,310.0,409072,,timeout,310.0,3929724,,,,,memout,305.0,171456,,,,,,,,,timeout,310.0,256876,,,,,301,102,5,0.2916814501822404,0.6511627906976745,0.4721623211135071,0.7142857142857143
ACAS-Xu-prop-4-benchmarks/ACAS-Xu-2_8-prop-4_last5,success,2.979,9452,0.0,295.0,5.0,10.0,0.0,5.0,301.0,2520.0,success,37.683,56132,296.0,success,0.427,104992,0.0,0.0,0.0,295.0,success,3.065,9692,0.0,295.0,5.0,0.0,301.0,0.0,0.0,2593.0,success,2.913,147548,306.0,1.0,0.0,0.0,301,102,5,0.2916814501822404,0.0099667774086378,0.4721623211135071,0.2
ACAS-Xu-prop-4-benchmarks/ACAS-Xu-2_8-prop-4_random5,success,82.964,1134808,0.0,42807.0,65.0,125322.0,0.0,5.0,301.0,78036.0,success,279.976,2027860,42808.0,invalid,271.603,4270876,,,,,memout,305.0,3994504,,,,,,,,,timeout,310.0,258628,,,,,301,102,5,0.2916814501822404,0.1308970099667774,0.4721623211135071,0.48
ACAS-Xu-prop-4-benchmarks/ACAS-Xu-2_9-prop-4_first5,success,265.41,2958888,0.0,323532.0,9309.0,3590455.0,1.0,5.0,85.0,251425.0,timeout,310.0,311348,,timeout,310.0,3376520,,,,,memout,305.0,658688,,,,,,,,,timeout,310.0,57100,,,,,85,30,5,0.3267552182163188,0.611764705882353,0.5498812351543944,0.7142857142857143
ACAS-Xu-prop-4-benchmarks/ACAS-Xu-2_9-prop-4_last5,success,0.164,7884,0.0,155.0,23.0,430.0,0.0,5.0,85.0,96.0,success,0.931,7828,156.0,success,0.379,107128,0.0,0.0,1.0,2133.0,memout,305.0,51048,,,,,,,,,timeout,310.0,88144,,,,,85,30,5,0.3267552182163188,0.0729411764705882,0.5498812351543944,0.65
ACAS-Xu-prop-4-benchmarks/ACAS-Xu-2_9-prop-4_random5,success,92.255,666472,0.0,62991.0,6661.0,1147751.0,0.0,5.0,85.0,88808.0,success,104.035,900600,62992.0,timeout,310.0,2883236,,,,,memout,305.0,111528,,,,,,,,,timeout,310.0,85132,,,,,85,30,5,0.3267552182163188,0.3129411764705882,0.5498812351543944,0.6
ACAS-Xu-prop-4-benchmarks/ACAS-Xu-3_1-prop-4_first5,timeout,310.0,1452676,,,,,,,,,timeout,310.0,926684,,timeout,310.0,3946020,,,,,memout,305.0,58644,,,,,,,,,timeout,310.0,142344,,,,,205,70,5,0.2923394022672621,0.6439024390243903,0.4775304493910122,0.7142857142857143
ACAS-Xu-prop-4-benchmarks/ACAS-Xu-3_1-prop-4_last5,success,1.265,7964,0.0,199.0,5.0,10.0,0.0,5.0,205.0,782.0,success,10.803,27924,200.0,success,0.25,72104,0.0,0.0,0.0,199.0,success,0.999,8348,0.0,199.0,5.0,0.0,205.0,0.0,0.0,779.0,success,2.495,85340,210.0,1.0,0.0,0.0,205,70,5,0.2923394022672621,0.0146341463414634,0.4775304493910122,0.2
ACAS-Xu-prop-4-benchmarks/ACAS-Xu-3_1-prop-4_random5,timeout,310.0,2391092,,,,,,,,,timeout,310.0,905548,,timeout,310.0,4076908,,,,,memout,305.0,119236,,,,,,,,,timeout,310.0,141236,,,,,205,70,5,0.2923394022672621,0.2741463414634146,0.4775304493910122,0.6
ACAS-Xu-prop-4-benchmarks/ACAS-Xu-3_2-prop-4_first5,timeout,310.0,1316552,,,,,,,,,timeout,310.0,731932,,timeout,310.0,3921344,,,,,memout,305.0,38952,,,,,,,,,timeout,310.0,83928,,,,,175,60,5,0.2867447306791569,0.64,0.4589316484778862,0.7142857142857143
ACAS-Xu-prop-4-benchmarks/ACAS-Xu-3_2-prop-4_last5,success,0.633,7748,0.0,169.0,5.0,10.0,0.0,5.0,175.0,464.0,success,6.164,21072,170.0,success,0.239,63964,0.0,0.0,0.0,169.0,success,0.645,7868,0.0,169.0,5.0,0.0,175.0,0.0,0.0,461.0,success,2.049,85228,180.0,1.0,0.0,0.0,175,60,5,0.2867447306791569,0.0171428571428571,0.4589316484778862,0.2
ACAS-Xu-prop-4-benchmarks/ACAS-Xu-3_2-prop-4_random5,timeout,310.0,1808448,,,,,,,,,timeout,310.0,160596,,timeout,310.0,4022976,,,,,memout,305.0,1059200,,,,,,,,,timeout,310.0,141472,,,,,175,60,5,0.2867447306791569,0.3794285714285714,0.4589316484778862,0.6
ACAS-Xu-prop-4-benchmarks/ACAS-Xu-3_3-prop-4_first5,timeout,310.0,1320288,,,,,,,,,timeout,310.0,248064,,timeout,310.0,3872104,,,,,memout,305.0,3318136,,,,,,,,,timeout,310.0,83392,,,,,133,46,5,0.3073108302671573,0.631578947368421,0.481243830207305,0.7142857142857143
ACAS-Xu-prop-4-benchmarks/ACAS-Xu-3_3-prop-4_last5,success,0.328,7364,0.0,127.0,5.0,10.0,0.0,5.0,133.0,218.0,success,2.978,13496,128.0,success,0.483,57556,0.0,0.0,0.0,127.0,success,0.335,7248,0.0,127.0,5.0,0.0,133.0,0.0,0.0,213.0,success,1.677,53564,138.0,1.0,0.0,0.0,133,46,5,0.3073108302671573,0.0225563909774436,0.481243830207305,0.2
ACAS-Xu-prop-4-benchmarks/ACAS-Xu-3_3-prop-4_random5,success,8.863,166988,0.0,14073.0,47.0,39951.0,0.0,5.0,133.0,8007.0,success,21.396,300612,14074.0,success,19.759,2513404,0.0,0.0,1.0,107569.0,memout,305.0,2386456,,,,,,,,,timeout,310.0,87396,,,,,133,46,5,0.3073108302671573,0.2060150375939849,0.481243830207305,0.48
ACAS-Xu-prop-4-benchmarks/ACAS-Xu-3_4-prop-4_first5,timeout,310.0,1278460,,,,,,,,,timeout,310.0,320676,,timeout,310.0,3913336,,,,,memout,305.0,3994064,,,,,,,,,timeout,310.0,84164,,,,,142,49,5,0.3123943661971831,0.6338028169014085,0.5023861171366595,0.7142857142857143
ACAS-Xu-prop-4-benchmarks/ACAS-Xu-3_4-prop-4_last5,success,0.557,7436,0.0,136.0,5.0,10.0,0.0,5.0,142.0,271.0,success,3.163,15024,137.0,success,0.482,59708,0.0,0.0,0.0,136.0,success,0.374,7692,0.0,136.0,5.0,0.0,142.0,0.0,0.0,250.0,success,1.623,54580,147.0,1.0,0.0,0.0,142,49,5,0.3123943661971831,0.0211267605633802,0.5023861171366595,0.2
ACAS-Xu-prop-4-benchmarks/ACAS-Xu-3_4-prop-4_random5,timeout,310.0,1564332,,,,,,,,,timeout,310.0,509480,,timeout,310.0,3110124,,,,,memout,305.0,3168052,,,,,,,,,timeout,310.0,84156,,,,,142,49,5,0.3123943661971831,0.3056338028169014,0.5023861171366595,0.6
ACAS-Xu-prop-4-benchmarks/ACAS-Xu-3_5-prop-4_first5,timeout,310.0,1352320,,,,,,,,,timeout,310.0,885196,,timeout,310.0,3937664,,,,,memout,305.0,91580,,,,,,,,,timeout,310.0,142272,,,,,241,82,5,0.2907063940408939,0.6473029045643154,0.4923803718378543,0.7142857142857143
ACAS-Xu-prop-4-benchmarks/ACAS-Xu-3_5-prop-4_last5,success,1.609,8580,0.0,235.0,5.0,10.0,0.0,5.0,241.0,1268.0,success,13.476,37236,236.0,success,0.3,84436,0.0,0.0,0.0,235.0,success,1.796,8424,0.0,235.0,5.0,0.0,241.0,0.0,0.0,1294.0,success,2.646,78660,246.0,1.0,0.0,0.0,241,82,5,0.2907063940408939,0.0124481327800829,0.4923803718378543,0.2
ACAS-Xu-prop-4-benchmarks/ACAS-Xu-3_5-prop-4_random5,timeout,310.0,1290388,,,,,,,,,timeout,310.0,1007300,,timeout,310.0,4019652,,,,,memout,305.0,866984,,,,,,,,,timeout,310.0,142692,,,,,241,82,5,0.2907063940408939,0.3360995850622407,0.4923803718378543,0.6
ACAS-Xu-prop-4-benchmarks/ACAS-Xu-3_6-prop-4_first5,timeout,310.0,1528748,,,,,,,,,timeout,310.0,1051904,,timeout,310.0,3937904,,,,,memout,305.0,50956,,,,,,,,,timeout,310.0,141828,,,,,193,66,5,0.2996674657799087,0.6424870466321243,0.5179839091339328,0.7142857142857143
ACAS-Xu-prop-4-benchmarks/ACAS-Xu-3_6-prop-4_last5,success,0.857,8032,0.0,187.0,5.0,10.0,0.0,5.0,193.0,640.0,success,9.553,25132,188.0,success,0.279,69952,0.0,0.0,0.0,187.0,success,0.858,8256,0.0,187.0,5.0,0.0,193.0,0.0,0.0,647.0,success,2.085,84532,198.0,1.0,0.0,0.0,193,66,5,0.2996674657799087,0.0155440414507772,0.5179839091339328,0.2
ACAS-Xu-prop-4-benchmarks/ACAS-Xu-3_6-prop-4_random5,timeout,310.0,929676,,,,,,,,,timeout,310.0,223712,,timeout,310.0,4007276,,,,,memout,305.0,1034160,,,,,,,,,timeout,310.0,85108,,,,,193,66,5,0.2996674657799087,0.2766839378238342,0.5179839091339328,0.6
ACAS-Xu-prop-4-benchmarks/ACAS-Xu-3_7-prop-4_first5,timeout,310.0,1295880,,,,,,,,,timeout,310.0,226988,,timeout,310.0,3904876,,,,,memout,305.0,3067848,,,,,,,,,timeout,310.0,82932,,,,,130,45,5,0.3224080267558528,0.6307692307692307,0.532266391326794,0.7142857142857143
ACAS-Xu-prop-4-benchmarks/ACAS-Xu-3_7-prop-4_last5,success,0.368,8076,0.0,166.0,11.0,189.0,0.0,5.0,130.0,243.0,success,2.553,13140,167.0,success,0.437,117064,0.0,0.0,1.0,1736.0,memout,305.0,2944340,,,,,,,,,success,80.061,165460,944.0,1.0,0.0,0.0,130,45,5,0.3224080267558528,0.0415384615384615,0.532266391326794,0.55
ACAS-Xu-prop-4-benchmarks/ACAS-Xu-3_7-prop-4_random5,success,265.902,3390760,0.0,224246.0,3560.0,2042955.0,1.0,5.0,130.0,248707.0,timeout,310.0,694472,,timeout,310.0,3470692,,,,,memout,305.0,115172,,,,,,,,,timeout,310.0,86444,,,,,130,45,5,0.3224080267558528,0.3784615384615384,0.532266391326794,0.6
ACAS-Xu-prop-4-benchmarks/ACAS-Xu-3_8-prop-4_first5,timeout,310.0,1285656,,,,,,,,,timeout,310.0,476492,,timeout,310.0,3929764,,,,,memout,305.0,2790592,,,,,,,,,timeout,310.0,83984,,,,,157,54,5,0.3058482918355529,0.6369426751592356,0.5227758007117438,0.7142857142857143
ACAS-Xu-prop-4-benchmarks/ACAS-Xu-3_8-prop-4_last5,success,0.537,7620,0.0,151.0,5.0,10.0,0.0,5.0,157.0,361.0,success,4.343,17636,152.0,success,0.276,61696,0.0,0.0,0.0,151.0,success,0.501,7856,0.0,151.0,5.0,0.0,157.0,0.0,0.0,349.0,success,1.321,51596,162.0,1.0,0.0,0.0,157,54,5,0.3058482918355529,0.019108280254777,0.5227758007117438,0.2
ACAS-Xu-prop-4-benchmarks/ACAS-Xu-3_8-prop-4_random5,success,42.14,510600,0.0,27027.0,419.0,373836.0,0.0,5.0,157.0,39691.0,success,57.55,695284,27028.0,timeout,310.0,3675860,,,,,memout,305.0,2196816,,,,,,,,,timeout,310.0,84456,,,,,157,54,5,0.3058482918355529,0.1719745222929936,0.5227758007117438,0.6
ACAS-Xu-prop-4-benchmarks/ACAS-Xu-3_9-prop-4_first5,timeout,310.0,1513200,,,,,,,,,timeout,310.0,862012,,timeout,310.0,3946060,,,,,memout,305.0,50932,,,,,,,,,timeout,310.0,141924,,,,,193,66,5,0.3027608073621529,0.6424870466321243,0.5194036914339801,0.7142857142857143
ACAS-Xu-prop-4-benchmarks/ACAS-Xu-3_9-prop-4_last5,success,1.03,7808,0.0,187.0,5.0,10.0,0.0,5.0,193.0,665.0,success,8.386,24996,188.0,success,0.236,72092,0.0,0.0,0.0,187.0,success,0.861,8220,0.0,187.0,5.0,0.0,193.0,0.0,0.0,646.0,success,2.142,84464,198.0,1.0,0.0,0.0,193,66,5,0.3027608073621529,0.0155440414507772,0.5194036914339801,0.2
ACAS-Xu-prop-4-benchmarks/ACAS-Xu-3_9-prop-4_random5,success,110.507,830152,0.0,34919.0,2410.0,606797.0,0.0,5.0,193.0,106045.0,success,112.235,1118216,34920.0,timeout,310.0,3403068,,,,,segfault,18.938,3994600,,,,,,,,,timeout,310.0,84692,,,,,193,66,5,0.3027608073621529,0.1088082901554404,0.5194036914339801,0.6
ACAS-Xu-prop-4-benchmarks/ACAS-Xu-4_1-prop-4_first5,timeout,310.0,1301880,,,,,,,,,timeout,310.0,585236,,timeout,310.0,3736996,,,,,memout,305.0,3087712,,,,,,,,,timeout,310.0,54292,,,,,115,40,5,0.3141039236479321,0.6260869565217392,0.5019710906701709,0.7142857142857143
ACAS-Xu-prop-4-benchmarks/ACAS-Xu-4_1-prop-4_last5,success,0.222,7264,0.0,109.0,5.0,10.0,0.0,5.0,115.0,115.0,success,1.82,10960,110.0,success,0.427,55396,0.0,0.0,0.0,109.0,success,0.24,7412,0.0,109.0,5.0,0.0,115.0,0.0,0.0,130.0,success,1.484,55860,120.0,1.0,0.0,0.0,115,40,5,0.3141039236479321,0.0260869565217391,0.5019710906701709,0.2
ACAS-Xu-prop-4-benchmarks/ACAS-Xu-4_1-prop-4_random5,success,3.194,59464,0.0,5003.0,27.0,16634.0,0.0,5.0,115.0,2690.0,success,6.872,97928,5005.0,success,16.27,2496924,0.0,0.0,1.0,95669.0,memout,305.0,1692844,,,,,,,,,timeout,310.0,84444,,,,,115,40,5,0.3141039236479321,0.1843478260869565,0.5019710906701709,0.48
ACAS-Xu-prop-4-benchmarks/ACAS-Xu-4_2-prop-4_first5,timeout,310.0,1451628,,,,,,,,,timeout,310.0,948884,,timeout,310.0,3929540,,,,,memout,305.0,52720,,,,,,,,,timeout,310.0,147124,,,,,196,67,5,0.2986194477791116,0.6428571428571429,0.4789993114528345,0.7142857142857143
ACAS-Xu-prop-4-benchmarks/ACAS-Xu-4_2-prop-4_last5,success,0.902,8040,0.0,190.0,5.0,10.0,0.0,5.0,196.0,699.0,success,9.435,25812,191.0,success,0.285,70224,0.0,0.0,0.0,190.0,success,0.901,8188,0.0,190.0,5.0,0.0,196.0,0.0,0.0,696.0,success,2.562,84672,201.0,1.0,0.0,0.0,196,67,5,0.2986194477791116,0.0153061224489795,0.4789993114528345,0.2
ACAS-Xu-prop-4-benchmarks/ACAS-Xu-4_2-prop-4_random5,timeout,310.0,1292216,,,,,,,,,timeout,310.0,475652,,timeout,310.0,3925380,,,,,memout,305.0,94688,,,,,,,,,timeout,310.0,140764,,,,,196,67,5,0.2986194477791116,0.4112244897959183,0.4789993114528345,0.6
ACAS-Xu-prop-4-benchmarks/ACAS-Xu-4_3-prop-4_first5,timeout,310.0,1521916,,,,,,,,,timeout,310.0,994088,,timeout,310.0,3953936,,,,,memout,305.0,61152,,,,,,,,,timeout,310.0,143156,,,,,208,71,5,0.2935363247863248,0.6442307692307693,0.4784737808610487,0.7142857142857143
ACAS-Xu-prop-4-benchmarks/ACAS-Xu-4_3-prop-4_last5,success,0.953,8144,0.0,202.0,5.0,10.0,0.0,5.0,208.0,743.0,success,9.821,28484,203.0,success,0.373,74084,0.0,0.0,0.0,202.0,success,1.047,8360,0.0,202.0,5.0,0.0,208.0,0.0,0.0,818.0,success,2.921,85696,213.0,1.0,0.0,0.0,208,71,5,0.2935363247863248,0.0144230769230769,0.4784737808610487,0.2
ACAS-Xu-prop-4-benchmarks/ACAS-Xu-4_3-prop-4_random5,timeout,310.0,1688260,,,,,,,,,timeout,310.0,197736,,timeout,310.0,4085404,,,,,memout,305.0,2686132,,,,,,,,,timeout,310.0,141956,,,,,208,71,5,0.2935363247863248,0.3673076923076923,0.4784737808610487,0.6
ACAS-Xu-prop-4-benchmarks/ACAS-Xu-4_4-prop-4_first5,timeout,310.0,1595148,,,,,,,,,timeout,310.0,872060,,timeout,310.0,3941072,,,,,memout,305.0,88188,,,,,,,,,timeout,310.0,142508,,,,,238,81,5,0.2931953269112523,0.6470588235294118,0.471801281049836,0.7142857142857143
ACAS-Xu-prop-4-benchmarks/ACAS-Xu-4_4-prop-4_last5,success,1.587,8476,0.0,232.0,5.0,10.0,0.0,5.0,238.0,1277.0,success,15.374,36444,233.0,success,0.275,82176,0.0,0.0,0.0,232.0,success,1.563,8736,0.0,232.0,5.0,0.0,238.0,0.0,0.0,1270.0,success,2.84,78764,243.0,1.0,0.0,0.0,238,81,5,0.2931953269112523,0.0126050420168067,0.471801281049836,0.2
ACAS-Xu-prop-4-benchmarks/ACAS-Xu-4_4-prop-4_random5,memout,305.0,3995536,,,,,,,,,timeout,310.0,295828,,timeout,310.0,2889208,,,,,memout,305.0,2451888,,,,,,,,,timeout,310.0,141960,,,,,238,81,5,0.2931953269112523,0.2487394957983193,0.471801281049836,0.56
ACAS-Xu-prop-4-benchmarks/ACAS-Xu-4_5-prop-4_first5,timeout,310.0,1434116,,,,,,,,,timeout,310.0,476472,,timeout,310.0,3913204,,,,,memout,305.0,2790976,,,,,,,,,timeout,310.0,83864,,,,,157,54,5,0.3171974522292993,0.6369426751592356,0.5206405693950178,0.7142857142857143
ACAS-Xu-prop-4-benchmarks/ACAS-Xu-4_5-prop-4_last5,success,0.513,7644,0.0,151.0,5.0,10.0,0.0,5.0,157.0,362.0,success,4.307,17728,152.0,success,0.231,63876,0.0,0.0,0.0,151.0,success,0.513,7748,0.0,151.0,5.0,0.0,157.0,0.0,0.0,361.0,success,2.169,51692,162.0,1.0,0.0,0.0,157,54,5,0.3171974522292993,0.019108280254777,0.5206405693950178,0.2
ACAS-Xu-prop-4-benchmarks/ACAS-Xu-4_5-prop-4_random5,timeout,310.0,1808436,,,,,,,,,timeout,310.0,414124,,timeout,310.0,3954156,,,,,memout,305.0,3106100,,,,,,,,,timeout,310.0,83128,,,,,157,54,5,0.3171974522292993,0.3019108280254777,0.5206405693950178,0.6
ACAS-Xu-prop-4-benchmarks/ACAS-Xu-4_6-prop-4_first5,timeout,310.0,1593548,,,,,,,,,timeout,310.0,974924,,timeout,310.0,3937404,,,,,memout,305.0,48508,,,,,,,,,timeout,310.0,141580,,,,,190,65,5,0.2931419457735247,0.6421052631578947,0.5196485233097389,0.7142857142857143
ACAS-Xu-prop-4-benchmarks/ACAS-Xu-4_6-prop-4_last5,success,0.836,7924,0.0,184.0,5.0,10.0,0.0,5.0,190.0,612.0,success,8.002,24456,185.0,success,0.261,70076,0.0,0.0,0.0,184.0,success,0.813,8216,0.0,184.0,5.0,0.0,190.0,0.0,0.0,616.0,success,1.793,84328,195.0,1.0,0.0,0.0,190,65,5,0.2931419457735247,0.0157894736842105,0.5196485233097389,0.2
ACAS-Xu-prop-4-benchmarks/ACAS-Xu-4_6-prop-4_random5,success,171.475,1599948,0.0,70168.0,1834.0,885124.0,0.0,5.0,190.0,163462.0,success,271.641,2182036,70169.0,timeout,310.0,3278212,,,,,memout,305.0,472068,,,,,,,,,timeout,310.0,83992,,,,,190,65,5,0.2931419457735247,0.1589473684210526,0.5196485233097389,0.6
ACAS-Xu-prop-4-benchmarks/ACAS-Xu-4_7-prop-4_first5,timeout,310.0,1261624,,,,,,,,,timeout,310.0,677064,,timeout,310.0,3880376,,,,,memout,305.0,3168328,,,,,,,,,timeout,310.0,54148,,,,,115,40,5,0.3191940615058324,0.6260869565217392,0.5374507227332457,0.7142857142857143
ACAS-Xu-prop-4-benchmarks/ACAS-Xu-4_7-prop-4_last5,success,0.452,7628,0.0,143.0,19.0,256.0,0.0,5.0,115.0,171.0,success,1.842,11076,144.0,success,0.565,112824,0.0,0.0,1.0,1744.0,memout,305.0,95548,,,,,,,,,timeout,310.0,148532,,,,,115,40,5,0.3191940615058324,0.0469565217391304,0.5374507227332457,0.65
ACAS-Xu-prop-4-benchmarks/ACAS-Xu-4_7-prop-4_random5,timeout,310.0,2009992,,,,,,,,,timeout,310.0,144880,,timeout,310.0,3399120,,,,,memout,305.0,109516,,,,,,,,,timeout,310.0,84132,,,,,115,40,5,0.3191940615058324,0.3008695652173913,0.5374507227332457,0.6
ACAS-Xu-prop-4-benchmarks/ACAS-Xu-4_8-prop-4_first5,timeout,310.0,1279408,,,,,,,,,timeout,310.0,377472,,timeout,310.0,3913132,,,,,memout,305.0,3994460,,,,,,,,,timeout,310.0,83184,,,,,148,51,5,0.3152286902286902,0.6351351351351351,0.5293882447021192,0.7142857142857143
ACAS-Xu-prop-4-benchmarks/ACAS-Xu-4_8-prop-4_last5,success,0.516,8460,0.0,194.0,21.0,295.0,0.0,5.0,148.0,364.0,success,3.763,16120,195.0,success,0.852,200968,0.0,0.0,1.0,3550.0,memout,305.0,225416,,,,,,,,,timeout,310.0,83888,,,,,148,51,5,0.3152286902286902,0.0364864864864864,0.5293882447021192,0.65
ACAS-Xu-prop-4-benchmarks/ACAS-Xu-4_8-prop-4_random5,success,277.958,3393120,0.0,192544.0,2006.0,2173996.0,0.0,5.0,148.0,261344.0,invalid,243.577,3990944,,timeout,310.0,3544596,,,,,memout,305.0,95552,,,,,,,,,timeout,310.0,84760,,,,,148,51,5,0.3152286902286902,0.2405405405405405,0.5293882447021192,0.6
ACAS-Xu-prop-4-benchmarks/ACAS-Xu-4_9-prop-4_first5,timeout,310.0,1379180,,,,,,,,,timeout,310.0,441428,,timeout,310.0,3937900,,,,,memout,305.0,3283436,,,,,,,,,timeout,310.0,83420,,,,,154,53,5,0.3059163059163059,0.6363636363636364,0.5282809611829945,0.7142857142857143
ACAS-Xu-prop-4-benchmarks/ACAS-Xu-4_9-prop-4_last5,success,0.518,8300,0.0,186.0,19.0,258.0,0.0,5.0,154.0,380.0,success,5.203,17092,187.0,success,0.464,147824,0.0,0.0,1.0,2220.0,memout,305.0,492044,,,,,,,,,timeout,310.0,85616,,,,,154,53,5,0.3059163059163059,0.035064935064935,0.5282809611829945,0.65
ACAS-Xu-prop-4-benchmarks/ACAS-Xu-4_9-prop-4_random5,timeout,310.0,1969924,,,,,,,,,timeout,310.0,263700,,timeout,310.0,2987400,,,,,memout,305.0,2201972,,,,,,,,,timeout,310.0,84532,,,,,154,53,5,0.3059163059163059,0.3272727272727272,0.5282809611829945,0.7142857142857143
ACAS-Xu-prop-4-benchmarks/ACAS-Xu-5_1-prop-4_first5,timeout,310.0,1378124,,,,,,,,,timeout,310.0,732232,,timeout,310.0,3941904,,,,,memout,305.0,39292,,,,,,,,,timeout,310.0,82944,,,,,175,60,5,0.2976112412177986,0.64,0.4649626651349799,0.7142857142857143
ACAS-Xu-prop-4-benchmarks/ACAS-Xu-5_1-prop-4_last5,success,0.681,7788,0.0,169.0,5.0,10.0,0.0,5.0,175.0,493.0,success,6.676,21240,170.0,success,0.228,68088,0.0,0.0,0.0,169.0,success,0.806,7632,0.0,169.0,5.0,0.0,175.0,0.0,0.0,482.0,success,2.117,85240,180.0,1.0,0.0,0.0,175,60,5,0.2976112412177986,0.0171428571428571,0.4649626651349799,0.2
ACAS-Xu-prop-4-benchmarks/ACAS-Xu-5_1-prop-4_random5,timeout,310.0,3993952,,,,,,,,,timeout,310.0,267960,,timeout,310.0,3515880,,,,,memout,305.0,3994532,,,,,,,,,timeout,310.0,82852,,,,,175,60,5,0.2976112412177986,0.3142857142857143,0.4649626651349799,0.56
ACAS-Xu-prop-4-benchmarks/ACAS-Xu-5_2-prop-4_first5,timeout,310.0,1260884,,,,,,,,,timeout,310.0,476432,,timeout,310.0,3904900,,,,,memout,305.0,2790532,,,,,,,,,timeout,310.0,83616,,,,,157,54,5,0.2979733642154024,0.6369426751592356,0.4736654804270462,0.7142857142857143
ACAS-Xu-prop-4-benchmarks/ACAS-Xu-5_2-prop-4_last5,success,0.528,7632,0.0,151.0,5.0,10.0,0.0,5.0,157.0,350.0,success,4.581,17760,152.0,success,0.26,61852,0.0,0.0,0.0,151.0,success,0.495,7812,0.0,151.0,5.0,0.0,157.0,0.0,0.0,346.0,success,1.995,55176,162.0,1.0,0.0,0.0,157,54,5,0.2979733642154024,0.019108280254777,0.4736654804270462,0.2
ACAS-Xu-prop-4-benchmarks/ACAS-Xu-5_2-prop-4_random5,timeout,310.0,2234720,,,,,,,,,timeout,310.0,231552,,timeout,310.0,3884396,,,,,memout,305.0,382120,,,,,,,,,timeout,310.0,82140,,,,,157,54,5,0.2979733642154024,0.2802547770700637,0.4736654804270462,0.6
ACAS-Xu-prop-4-benchmarks/ACAS-Xu-5_3-prop-4_first5,timeout,310.0,1355816,,,,,,,,,timeout,310.0,894276,,timeout,310.0,3929404,,,,,memout,305.0,53880,,,,,,,,,timeout,310.0,142092,,,,,199,68,5,0.2906561794479644,0.6432160804020101,0.4608017817371937,0.7142857142857143
ACAS-Xu-prop-4-benchmarks/ACAS-Xu-5_3-prop-4_last5,success,0.928,8040,0.0,193.0,5.0,10.0,0.0,5.0,199.0,700.0,success,9.422,26476,194.0,success,0.249,72152,0.0,0.0,0.0,193.0,success,0.924,8192,0.0,193.0,5.0,0.0,199.0,0.0,0.0,714.0,success,2.444,84584,204.0,1.0,0.0,0.0,199,68,5,0.2906561794479644,0.0150753768844221,0.4608017817371937,0.2
ACAS-Xu-prop-4-benchmarks/ACAS-Xu-5_3-prop-4_random5,success,2.13,31552,0.0,1599.0,5.0,1796.0,0.0,5.0,199.0,1831.0,success,13.219,66900,1600.0,success,1.235,420284,0.0,0.0,1.0,7334.0,memout,305.0,985668,,,,,,,,,timeout,310.0,85068,,,,,199,68,5,0.2906561794479644,0.0894472361809045,0.4608017817371937,0.4
ACAS-Xu-prop-4-benchmarks/ACAS-Xu-5_4-prop-4_first5,timeout,310.0,1452968,,,,,,,,,timeout,310.0,513556,,timeout,310.0,3937596,,,,,memout,305.0,2258236,,,,,,,,,timeout,310.0,83420,,,,,160,55,5,0.3071428571428571,0.6375,0.5008570449091533,0.7142857142857143
ACAS-Xu-prop-4-benchmarks/ACAS-Xu-5_4-prop-4_last5,success,0.551,7636,0.0,154.0,5.0,10.0,0.0,5.0,160.0,387.0,success,5.318,18256,155.0,success,0.273,63924,0.0,0.0,0.0,154.0,success,0.554,7684,0.0,154.0,5.0,0.0,160.0,0.0,0.0,392.0,success,1.736,51724,165.0,1.0,0.0,0.0,160,55,5,0.3071428571428571,0.01875,0.5008570449091533,0.2
ACAS-Xu-prop-4-benchmarks/ACAS-Xu-5_4-prop-4_random5,timeout,310.0,1878444,,,,,,,,,timeout,310.0,435832,,timeout,310.0,3821036,,,,,memout,305.0,1342360,,,,,,,,,timeout,310.0,83364,,,,,160,55,5,0.3071428571428571,0.26625,0.5008570449091533,0.6
ACAS-Xu-prop-4-benchmarks/ACAS-Xu-5_5-prop-4_first5,timeout,310.0,1374228,,,,,,,,,timeout,310.0,441592,,invalid,270.562,3940820,,,,,memout,305.0,3284164,,,,,,,,,timeout,310.0,83612,,,,,154,53,5,0.315055315055315,0.6363636363636364,0.5153419593345656,0.7142857142857143
ACAS-Xu-prop-4-benchmarks/ACAS-Xu-5_5-prop-4_last5,success,0.51,7624,0.0,148.0,5.0,10.0,0.0,5.0,154.0,341.0,success,4.072,17208,149.0,success,0.204,63924,0.0,0.0,0.0,148.0,success,0.489,7756,0.0,148.0,5.0,0.0,154.0,0.0,0.0,342.0,success,1.749,55460,159.0,1.0,0.0,0.0,154,53,5,0.315055315055315,0.0194805194805194,0.5153419593345656,0.2
ACAS-Xu-prop-4-benchmarks/ACAS-Xu-5_5-prop-4_random5,timeout,310.0,1861324,,,,,,,,,timeout,310.0,748512,,timeout,310.0,3957296,,,,,memout,305.0,3969668,,,,,,,,,timeout,310.0,83356,,,,,154,53,5,0.315055315055315,0.4961038961038961,0.5153419593345656,0.6
ACAS-Xu-prop-4-benchmarks/ACAS-Xu-5_6-prop-4_first5,timeout,310.0,1477812,,,,,,,,,timeout,310.0,441404,,timeout,310.0,3921372,,,,,memout,305.0,3283828,,,,,,,,,timeout,310.0,83612,,,,,154,53,5,0.3083213083213083,0.6363636363636364,0.5208872458410351,0.7142857142857143
ACAS-Xu-prop-4-benchmarks/ACAS-Xu-5_6-prop-4_last5,success,0.512,7644,0.0,148.0,5.0,10.0,0.0,5.0,154.0,342.0,success,4.159,17208,149.0,success,0.228,61884,0.0,0.0,0.0,148.0,success,0.47,7812,0.0,148.0,5.0,0.0,154.0,0.0,0.0,336.0,success,1.453,55412,159.0,1.0,0.0,0.0,154,53,5,0.3083213083213083,0.0194805194805194,0.5208872458410351,0.2
ACAS-Xu-prop-4-benchmarks/ACAS-Xu-5_6-prop-4_random5,timeout,310.0,1125608,,,,,,,,,timeout,310.0,746568,,timeout,310.0,3978664,,,,,memout,305.0,3700540,,,,,,,,,timeout,310.0,82680,,,,,154,53,5,0.3083213083213083,0.4389610389610389,0.5208872458410351,0.7142857142857143
ACAS-Xu-prop-4-benchmarks/ACAS-Xu-5_7-prop-4_first5,timeout,310.0,1348108,,,,,,,,,timeout,310.0,510104,,timeout,310.0,3540140,,,,,memout,305.0,1115236,,,,,,,,,timeout,310.0,54412,,,,,94,33,5,0.334793491864831,0.6170212765957447,0.5453658536585366,0.7142857142857143
ACAS-Xu-prop-4-benchmarks/ACAS-Xu-5_7-prop-4_last5,success,0.187,7568,0.0,130.0,19.0,264.0,0.0,5.0,94.0,107.0,success,1.018,8412,131.0,success,0.384,100880,0.0,0.0,1.0,1584.0,memout,305.0,275068,,,,,,,,,timeout,310.0,86976,,,,,94,33,5,0.334793491864831,0.0574468085106383,0.5453658536585366,0.65
ACAS-Xu-prop-4-benchmarks/ACAS-Xu-5_7-prop-4_random5,success,72.628,890624,0.0,77114.0,1781.0,770521.0,0.0,5.0,94.0,68017.0,success,80.941,1194996,77116.0,timeout,310.0,3513620,,,,,memout,305.0,3994456,,,,,,,,,timeout,310.0,85500,,,,,94,33,5,0.334793491864831,0.2936170212765957,0.5453658536585366,0.7
ACAS-Xu-prop-4-benchmarks/ACAS-Xu-5_8-prop-4_first5,timeout,310.0,1534860,,,,,,,,,timeout,310.0,513836,,timeout,310.0,3937788,,,,,memout,305.0,2257416,,,,,,,,,timeout,310.0,83300,,,,,160,55,5,0.3169642857142857,0.6375,0.5152553993829276,0.7142857142857143
ACAS-Xu-prop-4-benchmarks/ACAS-Xu-5_8-prop-4_last5,success,0.539,7672,0.0,154.0,5.0,10.0,0.0,5.0,160.0,385.0,success,5.095,18288,155.0,success,0.234,67068,0.0,0.0,0.0,154.0,success,0.544,7904,0.0,154.0,5.0,0.0,160.0,0.0,0.0,388.0,success,2.582,85344,165.0,1.0,0.0,0.0,160,55,5,0.3169642857142857,0.01875,0.5152553993829276,0.2
ACAS-Xu-prop-4-benchmarks/ACAS-Xu-5_8-prop-4_random5,timeout,310.0,2104932,,,,,,,,,timeout,310.0,129988,,timeout,310.0,4060636,,,,,memout,305.0,43172,,,,,,,,,timeout,310.0,146096,,,,,160,55,5,0.3169642857142857,0.2525,0.5152553993829276,0.7
ACAS-Xu-prop-4-benchmarks/ACAS-Xu-5_9-prop-4_first5,timeout,310.0,1438600,,,,,,,,,timeout,310.0,270704,,timeout,310.0,3913124,,,,,memout,305.0,3838320,,,,,,,,,timeout,310.0,83564,,,,,136,47,5,0.3121936274509804,0.6323529411764706,0.5191308455361361,0.7142857142857143
ACAS-Xu-prop-4-benchmarks/ACAS-Xu-5_9-prop-4_last5,success,0.341,7424,0.0,130.0,5.0,10.0,0.0,5.0,136.0,213.0,success,3.015,13956,131.0,success,0.25,59936,0.0,0.0,0.0,130.0,success,0.349,7640,0.0,130.0,5.0,0.0,136.0,0.0,0.0,228.0,success,1.824,53816,141.0,1.0,0.0,0.0,136,47,5,0.3121936274509804,0.0220588235294117,0.5191308455361361,0.2
ACAS-Xu-prop-4-benchmarks/ACAS-Xu-5_9-prop-4_random5,timeout,310.0,1568872,,,,,,,,,timeout,310.0,574096,,timeout,310.0,3798184,,,,,memout,305.0,46944,,,,,,,,,timeout,310.0,144608,,,,,136,47,5,0.3121936274509804,0.3705882352941176,0.5191308455361361,0.6
